Time,cpu,diskio,diskioRead,diskioWritten,mem,networkReceived,networkTransmitted,replica,requests,responsetime,totalcpu,totalcpuUtilization,totalmemory,totalmemoryUtilization
2020-10-06 16:49:36.586,7.452469747666994,0.00012944444444448766,0.0,14845.724444444444,0.006210803985595703,768.6411111111112,690.6184722222222,1.0,7.0,0.427800638,12.0,76.33098847222213,50455318528.0,10.16892224583757
2020-10-06 16:49:51.586,6.314931254082302,0.056578055555555555,903.6800000000001,7635895.182222222,0.006210803985595703,4423150.5738194445,44196.82569444445,1.0,42.0,0.44170099199999996,12.0,76.33098847222213,50455318528.0,10.16892224583757
2020-10-06 16:50:06.586,9.49911313682076,0.0732444444444445,1001.2444444444444,9543406.933333334,0.006210803985595703,4011358.6,41064.0,1.0,76.0,0.42922975100000005,12.0,13.21666666666662,50455318528.0,10.329696669820898
2020-10-06 16:50:21.586,6.085527671828079,0.07315555555555558,1001.2444444444444,9533212.444444444,0.026094913482666016,4012144.8666666667,42053.31111111111,1.0,112.0,0.421654554,12.0,13.21666666666662,50455318528.0,10.329696669820898
2020-10-06 16:50:36.586,9.452723850578879,0.021955555555555624,182.04444444444442,2628812.8,0.11937618255615234,3909.3777777777777,3469.288888888889,1.0,140.0,0.439443264,12.0,14.213888888888942,50455318528.0,10.159326731695312
2020-10-06 16:51:06.586,14.845207115087122,0.0,0.0,7463.822222222222,0.11937618255615234,3164.8,3886.5333333333333,1.0,140.0,0.42630561299999997,12.0,14.213888888888942,50455318528.0,10.159326731695312
2020-10-06 16:51:21.586,14.845207115087122,8.888888888883962e-05,0.0,8829.155555555555,0.11937618255615234,2780.5333333333333,3442.311111111111,1.0,141.0,0.433636553,12.0,14.46388888888887,50455318528.0,10.111555921440612
2020-10-06 16:51:36.586,18.934011522963022,8.888888888883962e-05,0.0,1365.3333333333333,0.10051727294921875,2900.0444444444443,3893.2222222222217,1.0,140.0,0.418931328,12.0,14.46388888888887,50455318528.0,10.111555921440612
2020-10-06 16:51:51.586,19.893197277780324,0.0002666666666666767,0.0,2912.7111111111108,0.10051727294921875,2876.511111111111,3515.1777777777775,1.0,172.0,0.43044861300000004,12.0,14.288888888888895,50455318528.0,10.168264730578363
2020-10-06 16:52:06.586,16.045707225357,0.00017777777777783712,0.0,1547.3777777777775,0.033354759216308594,3159.4,4143.933333333333,1.0,207.0,0.431897415,12.0,14.288888888888895,50455318528.0,10.168264730578363
2020-10-06 16:52:21.586,10.72186444227498,0.00017777777777783712,0.0,2639.644444444444,0.033354759216308594,3631.911111111111,4223.555555555556,1.0,242.0,0.43895910400000004,12.0,18.91111111111112,50455318528.0,10.319614052393405
2020-10-06 16:52:36.586,28.347633018984364,0.0,0.0,1092.2666666666667,0.20941495895385742,4209.222222222222,5131.866666666667,1.0,277.0,0.425447099,12.0,18.91111111111112,50455318528.0,10.319614052393405
2020-10-06 16:52:51.586,18.059212241503193,8.888888888883962e-05,0.0,3458.8444444444444,0.13049840927124023,4452.866666666667,5022.066666666667,1.0,310.0,0.42676355899999996,12.0,24.15277777777781,50455318528.0,9.798677297659786
2020-10-06 16:53:06.586,23.938435755972833,8.888888888883962e-05,0.0,2366.5777777777776,0.13049840927124023,4782.533333333334,5714.066666666667,1.0,346.0,0.41967269199999996,12.0,24.15277777777781,50455318528.0,9.798677297659786
2020-10-06 16:53:21.586,33.286651129033714,0.00017777777777767923,0.0,4278.044444444445,0.13049840927124023,5303.555555555556,5820.51111111111,1.0,380.0,0.424082711,12.0,28.62222222222221,50455318528.0,9.981626224529839
2020-10-06 16:53:36.586,34.97771795737074,8.888888888883962e-05,0.0,1911.4666666666667,0.08192062377929688,5946.911111111111,6775.622222222222,1.0,415.0,0.425935871,12.0,28.62222222222221,50455318528.0,9.981626224529839
2020-10-06 16:53:51.586,0.007141578854492288,8.888888888883962e-05,0.0,3549.866666666667,0.21719932556152344,8860.22222222222,9325.71111111111,1.0,439.0,0.469601819,12.0,33.272222222222254,50455318528.0,9.88705877384069
2020-10-06 16:54:06.586,37.5220495027218,0.0032888888888889605,0.0,43508.62222222222,0.22296905517578125,10673.133333333333,10115.6,3.0,463.0,0.438788189,12.0,33.272222222222254,50455318528.0,9.88705877384069
2020-10-06 16:54:21.586,6.942593981535833,0.005511111111111215,0.0,84195.55555555555,0.2010822296142578,12285.444444444443,10159.777777777777,3.0,485.0,0.43183145500000003,12.0,41.138888888888935,50455318528.0,10.137505430096406
2020-10-06 16:54:36.586,42.26757843727721,0.005511111111111215,0.0,82557.15555555555,0.21342039108276367,9978.822222222221,8242.71111111111,5.0,504.0,0.43220985500000003,12.0,41.138888888888935,50455318528.0,10.137505430096406
2020-10-06 16:54:51.586,43.712763564974296,0.007377777777777794,0.0,130707.9111111111,0.21342039108276367,11482.511111111111,8114.488888888888,5.0,530.0,0.481171882,12.0,44.95833333333348,50455318528.0,10.21675407196103
2020-10-06 16:55:06.586,42.18244004237496,0.00515555555555554,0.0,97302.75555555554,0.40123462677001953,10375.044444444444,8673.377777777778,5.0,554.0,0.553918812,12.0,44.95833333333348,50455318528.0,10.21675407196103
2020-10-06 16:55:21.586,22.327852823890826,0.00524444444444438,0.0,100124.44444444444,0.31621456146240234,10778.0,8648.466666666667,7.0,582.0,0.442086972,12.0,44.5861111111111,50455318528.0,10.172977358210133
2020-10-06 16:55:36.586,45.15848809896505,0.011644444444444306,0.0,173852.44444444444,0.24536848068237305,12947.377777777778,9908.066666666668,7.0,613.0,0.442960622,12.0,44.5861111111111,50455318528.0,10.172977358210133
2020-10-06 16:55:51.586,29.959199759650897,0.011644444444444306,0.0,167298.84444444443,0.41872262954711914,13140.133333333333,9676.62222222222,7.0,621.0,0.612809157,12.0,48.89722222222222,50455318528.0,10.26194333599908
2020-10-06 16:56:06.586,46.54995631481303,0.014222222222222235,0.0,217543.1111111111,0.4299163818359375,14114.6,10353.444444444443,9.0,629.0,0.48985793899999996,12.0,48.89722222222222,50455318528.0,10.26194333599908
2020-10-06 16:56:21.586,45.6271952849675,0.005244444444444538,0.0,98121.95555555556,0.4323005676269531,11501.511111111111,9617.71111111111,9.0,633.0,0.453548409,12.0,50.32222222222219,50455318528.0,10.46458265200545
2020-10-06 16:56:36.586,46.61299724808137,0.005244444444444538,0.0,105494.75555555554,0.4900336265563965,11610.133333333333,10307.177777777777,11.0,637.0,0.70541223,12.0,50.32222222222219,50455318528.0,10.46458265200545
2020-10-06 16:56:51.586,38.42106857265247,0.011911111111111141,0.0,205073.06666666668,0.490725040435791,15042.133333333333,10328.688888888888,11.0,642.0,0.452170488,12.0,51.56944444444444,50455318528.0,10.510417303945541
2020-10-06 16:57:06.586,47.7190754239342,0.00933333333333337,0.0,168391.1111111111,0.36454200744628906,13126.133333333333,10835.488888888887,11.0,643.0,0.5393538760000001,12.0,51.56944444444444,50455318528.0,10.510417303945541
2020-10-06 16:57:21.586,22.787510503739334,0.00933333333333337,0.0,164295.1111111111,0.4150509834289551,13190.155555555555,10290.666666666666,13.0,652.0,0.684435976,12.0,52.48611111111116,50455318528.0,10.627585472237994
2020-10-06 16:57:36.586,48.009891455139226,0.0053333333333332195,0.0,94481.06666666667,0.42955875396728516,11865.555555555555,10847.755555555554,13.0,660.0,0.579097747,12.0,52.48611111111116,50455318528.0,10.627585472237994
2020-10-06 16:57:51.586,41.396956041714,0.0053333333333332195,0.0,95300.26666666666,0.4355192184448242,11858.355555555554,10146.0,13.0,660.0,0.791900887,12.0,53.37777777777784,50455318528.0,10.582347501215184
2020-10-06 16:58:06.586,46.3233740963735,0.009333333333333213,5916.444444444443,147547.0222222222,0.6638288497924805,12915.555555555555,11114.533333333333,15.0,659.0,0.788796889,12.0,53.37777777777784,50455318528.0,10.582347501215184
2020-10-06 16:58:21.586,47.17466361576367,0.006666666666666762,5916.444444444443,111866.3111111111,0.6656169891357422,12029.8,10318.6,15.0,659.0,0.706661249,12.0,54.11495398867674,50455318528.0,10.653437477794903
2020-10-06 16:58:36.586,37.36435555015848,0.006666666666666762,5916.444444444443,111957.33333333333,0.5742192268371582,12014.511111111111,11115.0,17.0,657.0,0.990888118,12.0,54.11495398867674,50455318528.0,10.653437477794903
2020-10-06 16:58:51.586,30.193172940324033,0.008266666666666663,0.0,144634.3111111111,0.574958324432373,16579.62222222222,13153.444444444443,17.0,659.0,0.6700861180000001,12.0,54.715601766459024,50455318528.0,10.84459377610425
2020-10-06 16:59:06.586,48.102018687256134,0.00613333333333325,0.0,107770.3111111111,0.680387020111084,14754.31111111111,13813.422222222222,17.0,660.0,0.611041117,12.0,54.715601766459024,50455318528.0,10.84459377610425
2020-10-06 16:59:21.586,5.299842732912711,0.00613333333333325,0.0,102400.0,0.6584525108337402,14773.155555555555,13043.444444444443,19.0,656.0,1.14638924,12.0,54.316666666666656,50455318528.0,10.779007852476468
2020-10-06 16:59:36.586,48.27714858889172,0.009955555555555563,0.0,169392.35555555552,0.6670355796813965,13658.71111111111,11576.777777777777,19.0,656.0,0.969775395,12.0,54.316666666666656,50455318528.0,10.779007852476468
2020-10-06 16:59:51.586,44.83425565912124,0.00942222222222221,0.0,159106.84444444443,0.6678462028503418,13643.155555555555,10645.066666666668,19.0,653.0,0.767455607,12.0,54.26944444444442,50455318528.0,10.764724100139873
2020-10-06 17:00:06.586,43.02409351125672,0.012266666666666657,0.0,210352.35555555552,0.7243752479553223,14467.355555555554,11694.444444444443,21.0,654.0,0.648907075,12.0,54.26944444444442,50455318528.0,10.764724100139873
2020-10-06 17:00:21.586,43.53227270412747,0.0048888888888890215,0.0,95300.26666666666,0.7950186729431152,12201.755555555554,10446.755555555554,21.0,659.0,1.068777187,12.0,54.561111111111,50455318528.0,11.139925267715666
2020-10-06 17:00:36.586,45.65562909237953,0.0048888888888890215,0.0,96028.44444444444,0.6354689598083496,12016.2,11620.62222222222,23.0,656.0,0.99301098,12.0,54.561111111111,50455318528.0,11.139925267715666
2020-10-06 17:00:51.586,23.047548396185654,0.00764444444444447,0.0,140174.2222222222,0.8872389793395996,14651.71111111111,10876.844444444443,23.0,659.0,1.006925279,12.0,55.36944444444446,50455318528.0,11.077006130240697
2020-10-06 17:01:06.586,48.21261482204302,0.005599999999999896,0.0,100033.42222222222,0.9366631507873535,12312.866666666667,11712.777777777777,23.0,658.0,0.78728814,12.0,55.36944444444446,50455318528.0,11.077006130240697
2020-10-06 17:01:21.586,11.067471944018816,0.0056888888888888935,0.0,112685.5111111111,0.8196592330932617,12561.244444444445,10834.755555555554,25.0,656.0,1.468949302,12.0,55.047222222222246,50455318528.0,11.13331309450235
2020-10-06 17:01:36.586,48.25139726275211,0.005066666666666701,0.0,99760.35555555555,0.824129581451416,12038.533333333333,11900.844444444443,25.0,660.0,1.2478185759999998,12.0,55.047222222222246,50455318528.0,11.13331309450235
2020-10-06 17:01:51.586,37.26043104252202,0.005066554076576111,0.0,107949.95666762961,0.9157419204711914,12223.239483567033,10799.915557432058,25.0,659.0,0.782750136,12.0,55.09722858010559,50455318528.0,11.484427932935033
2020-10-06 17:02:06.586,47.554688827345274,0.008088888888888828,0.0,140902.4,1.0242342948913574,12795.933333333332,11773.644444444444,27.0,659.0,0.983453681,12.0,55.09722858010559,50455318528.0,11.484427932935033
2020-10-06 17:02:21.586,47.18617307924963,0.004977777777777703,0.0,95482.3111111111,1.0420680046081543,12147.933333333332,10667.71111111111,27.0,661.0,1.510504299,12.0,55.09722222222217,50455318528.0,11.38446602277437
2020-10-06 17:02:36.586,47.904729104682964,0.004977888397519869,0.0,87292.25093890975,0.8231997489929199,12056.867930398452,11977.399497766617,29.0,655.0,0.7863778969999999,12.0,55.09722222222217,50455318528.0,11.38446602277437
2020-10-06 17:02:51.586,41.54543832795541,0.010844444444444434,0.0,203161.6,0.8256912231445312,15954.466666666667,11358.111111111111,29.0,659.0,1.449635121,12.0,55.263888888888815,50455318528.0,11.470594733440919
2020-10-06 17:03:06.586,46.61488046029177,0.008977777777777855,0.0,162929.77777777778,1.1440515518188477,13652.266666666666,12488.666666666666,29.0,656.0,2.3256904549999997,12.0,55.263888888888815,50455318528.0,11.470594733440919
2020-10-06 17:03:21.586,17.92782580263706,0.009066666666666693,0.0,178585.6,0.9501934051513672,13763.6,11208.822222222221,31.0,656.0,0.7084134440000001,12.0,54.897222222222254,50455318528.0,11.547590610621555
2020-10-06 17:03:36.586,47.746506410473444,0.0053333333333333765,0.0,100488.53333333334,0.993049144744873,12156.02222222222,12272.71111111111,31.0,664.0,2.147020105,12.0,54.897222222222254,50455318528.0,11.547590610621555
2020-10-06 17:03:51.586,35.973602379870634,0.0053333333333333765,0.0,101216.7111111111,1.050889492034912,14926.6,13551.688888888888,31.0,658.0,1.002471959,12.0,55.32777777777773,50455318528.0,11.611021186352232
2020-10-06 17:04:06.586,46.61607449468289,0.007999999999999986,0.0,137989.6888888889,1.3014554977416992,15882.266666666666,15056.6,33.0,668.0,0.8520739700000001,12.0,55.32777777777773,50455318528.0,11.611021186352232
2020-10-06 17:04:21.586,47.78495737434415,0.005599999999999896,0.0,101034.66666666667,1.304328441619873,15200.6,13686.555555555555,33.0,663.0,1.321525418,12.0,55.30277777777777,50455318528.0,11.887405090037579
2020-10-06 17:04:36.586,42.1083623346155,0.005955555555555571,0.0,108862.57777777777,1.2730121612548828,12408.71111111111,12518.955555555554,35.0,658.0,1.355815547,12.0,55.30277777777777,50455318528.0,11.887405090037579
2020-10-06 17:04:51.586,38.40553021060611,0.007733333333333468,0.0,147547.0222222222,1.276695728302002,14853.288888888888,11318.177777777777,35.0,662.0,0.8032121160000001,12.0,55.69166666666669,50455318528.0,11.99205518748736
2020-10-06 17:05:06.586,52.0876860902024,0.0048888888888890215,0.0,108316.44444444444,1.430356502532959,12426.111111111111,12609.577777777777,35.0,653.0,1.495747887,12.0,55.69166666666669,50455318528.0,11.99205518748736
2020-10-06 17:05:21.586,40.30065238329302,0.0046222222222221864,0.0,106313.95555555556,1.409292221069336,12547.555555555555,11150.044444444444,37.0,657.0,0.889611176,12.0,55.374999999999886,50455318528.0,11.841911399407955
2020-10-06 17:05:36.586,55.74037557795614,0.005866666666666573,0.0,104584.53333333334,1.3307452201843262,12206.4,12636.088888888888,37.0,660.0,1.6292996089999998,12.0,55.374999999999886,50455318528.0,11.841911399407955
2020-10-06 17:05:51.586,52.047169573615136,0.005955555555555412,0.0,107133.15555555555,1.3381719589233398,12713.844444444443,11139.266666666666,37.0,686.0,1.321428615,12.0,55.488888888888766,50455318528.0,11.873023919030906
2020-10-06 17:06:06.586,61.30417387586804,0.008177777777777824,0.0,144998.4,1.306462287902832,13329.133333333333,12628.866666666667,39.0,723.0,0.445458905,12.0,55.488888888888766,50455318528.0,11.873023919030906
2020-10-06 17:06:21.586,51.79265038896188,0.004533333333333347,0.0,102217.95555555556,1.2644290924072266,12679.755555555554,11152.177777777777,39.0,758.0,1.6268513789999999,12.0,59.66388888888894,50455318528.0,12.024470657096053
2020-10-06 17:06:36.586,65.79144418266772,0.004533333333333347,0.0,100579.55555555555,1.3711094856262207,12068.533333333333,12688.533333333333,41.0,789.0,1.5480804510000001,12.0,59.66388888888894,50455318528.0,12.024470657096053
2020-10-06 17:06:51.586,49.93048932566216,0.012799999999999851,0.0,222094.2222222222,1.5314340591430664,16218.644444444444,11766.355555555554,41.0,824.0,1.996515689,12.0,65.28333333333347,50455318528.0,12.186706317419798
2020-10-06 17:07:06.586,67.94153592855587,0.010666666666666597,0.0,174762.66666666666,1.6446352005004883,13707.466666666667,14122.555555555555,41.0,852.0,0.42581084399999997,12.0,65.28333333333347,50455318528.0,12.186706317419798
2020-10-06 17:07:21.586,53.41566892742839,0.010755555555555595,0.0,181043.2,1.5659213066101074,13948.933333333332,12579.22222222222,43.0,886.0,0.431008567,12.0,68.60833333333328,50455318528.0,12.257662347342551
2020-10-06 17:07:36.586,70.00156801669533,0.01022222222222224,0.0,171303.8222222222,1.7594575881958008,13755.0,15098.844444444443,43.0,922.0,0.935377308,12.0,68.60833333333328,50455318528.0,12.257662347342551
2020-10-06 17:07:51.586,67.1240145349987,0.01022222222222224,0.0,171303.8222222222,1.753377914428711,13739.71111111111,12477.533333333333,43.0,950.0,1.1431856459999998,12.0,73.98055555555561,50455318528.0,12.413821627480736
2020-10-06 17:08:06.586,75.32183101395336,0.014133333333333394,0.0,236748.8,1.5162110328674316,14813.066666666668,15919.02222222222,45.0,990.0,0.6671437849999999,12.0,73.98055555555561,50455318528.0,12.413821627480736
2020-10-06 17:08:21.586,48.60405521879204,0.008977777777777855,0.0,172942.2222222222,1.707601547241211,13762.866666666667,13315.333333333334,45.0,1021.0,0.666712579,12.0,77.86111111111107,50455318528.0,12.453738199377213
2020-10-06 17:08:36.586,82.73897262366258,0.008977777777777855,0.0,174125.5111111111,1.6109943389892578,13797.866666666667,17591.844444444443,47.0,1050.0,1.971808342,12.0,77.86111111111107,50455318528.0,12.453738199377213
2020-10-06 17:08:51.586,64.57334936589366,0.014844444444444427,0.0,281804.8,1.4881610870361328,19447.933333333334,17322.51111111111,47.0,1087.0,0.892599478,12.0,83.38611111111116,50455318528.0,12.412920520772609
2020-10-06 17:09:06.586,81.95169484237374,0.009955555555555563,0.0,189417.24444444443,1.5668749809265137,16631.733333333334,21694.8,47.0,1105.0,0.754495287,12.0,83.38611111111116,50455318528.0,12.412920520772609
2020-10-06 17:09:21.586,68.3289029594797,0.010044444444444404,0.0,201250.13333333333,1.3774752616882324,16527.48888888889,17350.266666666666,49.0,1131.0,0.71534543,12.0,87.30000000000003,50455318528.0,12.486811233800953
2020-10-06 17:09:36.586,77.8628646511598,0.015644444444444457,0.0,176492.08888888886,1.6606926918029785,14587.755555555554,19540.8,49.0,1163.0,3.332760612,12.0,87.30000000000003,50455318528.0,12.486811233800953
2020-10-06 17:09:51.586,53.43099234069646,0.016088888888888812,0.0,192420.97777777776,1.982581615447998,13937.22222222222,14722.555555555555,49.0,1173.0,0.5486338879999999,12.0,91.74166666666662,50455318528.0,12.632266832610178
2020-10-06 17:10:06.586,87.09548616811082,0.015999999999999973,0.0,179404.8,1.892256736755371,14431.02222222222,20011.511111111107,50.0,1200.0,0.463636388,12.0,91.74166666666662,50455318528.0,12.632266832610178
2020-10-06 17:10:21.586,73.23381712910461,0.000444444444444356,0.0,21390.222222222223,1.8677711486816406,10197.044444444444,14675.888888888887,50.0,1218.0,0.485940179,12.0,92.67606719850666,50455318528.0,12.51372264935744
2020-10-06 17:10:36.586,85.96538181505692,0.0,0.0,8374.044444444444,1.6641736030578613,10043.533333333333,19739.266666666666,50.0,1234.0,0.8269737420000001,12.0,92.67606719850666,50455318528.0,12.51372264935744
2020-10-06 17:10:51.586,65.10788891537854,0.0,0.0,10103.466666666667,1.9935965538024902,9938.22222222222,14591.155555555555,50.0,1259.0,0.483957724,12.0,95.75277777777788,50455318528.0,12.949017865405837
2020-10-06 17:11:06.586,90.05421259017862,0.0,0.0,7463.822222222222,2.168571949005127,9371.511111111111,19737.577777777777,50.0,1276.0,0.763708025,12.0,95.75277777777788,50455318528.0,12.949017865405837
2020-10-06 17:11:21.586,64.54052042864113,0.0,0.0,6098.488888888888,2.107381820678711,9324.288888888888,14657.644444444444,50.0,1289.0,1.936972238,12.0,97.55555555555557,50455318528.0,12.963959181469109
2020-10-06 17:11:36.586,87.54577039789328,0.0,0.0,6826.666666666667,2.258574962615967,9146.777777777777,19838.24444444444,50.0,1302.0,1.473620578,12.0,97.55555555555557,50455318528.0,12.963959181469109
2020-10-06 17:11:51.586,71.87198192290158,8.888888888899752e-05,0.0,6280.533333333334,2.1816372871398926,9010.888888888887,14680.088888888888,50.0,1301.0,0.759125273,12.0,99.44444444444444,50455318528.0,12.932042971272478
2020-10-06 17:12:06.586,85.79376309088518,8.888888888899752e-05,0.0,7190.7555555555555,2.128934860229492,9178.466666666667,19869.11111111111,50.0,1295.0,1.6181688939999999,12.0,99.44444444444444,50455318528.0,12.932042971272478
2020-10-06 17:12:21.586,77.9528601240137,0.00017777777777783712,0.0,6280.533333333334,2.12099552154541,9005.4,14631.2,50.0,1293.0,0.5743943970000001,12.0,100.10833333333333,50455318528.0,13.229468922562287
2020-10-06 17:12:36.586,90.38338008484658,8.888888888883962e-05,0.0,6371.555555555556,1.9458532333374023,9044.31111111111,19760.755555555555,50.0,1295.0,2.11908851,12.0,100.10833333333333,50455318528.0,13.229468922562287
2020-10-06 17:12:51.586,89.4060818026886,0.00017777777777767923,0.0,6462.577777777778,1.9740104675292969,8893.377777777778,14586.333333333334,50.0,1294.0,0.534874746,12.0,100.77500000000006,50455318528.0,12.945656987993203
2020-10-06 17:13:06.586,87.76770945669912,8.888888888883962e-05,0.0,7190.7555555555555,2.264559268951416,9052.755555555554,19828.222222222223,50.0,1298.0,0.900007638,12.0,100.77500000000006,50455318528.0,12.945656987993203
2020-10-06 17:13:21.586,78.45463629181275,0.00017777777777783712,0.0,11013.688888888888,2.2204160690307617,8930.644444444444,14601.822222222221,50.0,1302.0,0.691915356,12.0,100.88055555555555,50455318528.0,13.251984409645345
2020-10-06 17:13:36.586,90.48828709085649,8.888888888899752e-05,0.0,11104.71111111111,2.23846435546875,9045.133333333333,19748.577777777777,50.0,1303.0,1.8043862750000002,12.0,100.88055555555555,50455318528.0,13.251984409645345
2020-10-06 17:13:51.586,76.09521614220557,8.888888888899752e-05,0.0,11377.777777777777,2.299046516418457,11563.511111111111,17204.022222222222,50.0,1297.0,0.976826274,12.0,100.96666666666674,50455318528.0,13.062812979746319
2020-10-06 17:14:06.586,88.26222543933919,0.0,0.0,7463.822222222222,2.2722840309143066,11956.377777777778,22512.511111111107,50.0,1293.0,0.6731776939999999,12.0,100.96666666666674,50455318528.0,13.062812979746319
2020-10-06 17:14:21.586,78.404513652804,0.0,0.0,6371.555555555556,2.269315719604492,11820.933333333332,17336.977777777778,50.0,1292.0,0.7325209220000001,12.0,101.08888888888887,50455318528.0,13.253932750667818
2020-10-06 17:14:36.586,89.07708609782689,0.0,0.0,6189.51111111111,2.4883151054382324,9161.777777777777,19832.644444444442,50.0,1284.0,1.412736916,12.0,101.08888888888887,50455318528.0,13.253932750667818
2020-10-06 17:14:51.586,74.82156335682141,0.0,0.0,6371.555555555556,2.4495482444763184,9056.844444444443,14538.666666666666,50.0,1290.0,1.502266211,12.0,101.05277777777776,50455318528.0,13.764165908605086
2020-10-06 17:15:06.586,88.44113556718771,0.0,0.0,7008.711111111111,2.446889877319336,9073.755555555554,19729.48888888889,50.0,1283.0,1.733167125,12.0,101.05277777777776,50455318528.0,13.764165908605086
2020-10-06 17:15:21.586,76.38651720576726,0.0,0.0,6553.6,2.4370789527893066,9128.244444444445,14539.0,50.0,1282.0,1.0964435479999999,12.0,101.12777777777771,50455318528.0,13.298537511110847
2020-10-06 17:15:36.586,85.92747150108747,0.0,0.0,6280.533333333334,2.4194717407226562,8824.044444444444,19718.755555555555,50.0,1289.0,0.982394618,12.0,101.12777777777771,50455318528.0,13.298537511110847
2020-10-06 17:15:51.586,80.45907025629026,0.0,0.0,7008.711111111111,2.4481892585754395,9201.71111111111,14520.62222222222,50.0,1286.0,0.9434101920000001,12.0,101.05555555555557,50455318528.0,13.666164513319368
2020-10-06 17:16:06.586,91.99459355374661,0.0,0.0,7190.7555555555555,2.09348201751709,9232.577777777777,19761.688888888886,50.0,1294.0,4.070247527,12.0,101.05555555555557,50455318528.0,13.666164513319368
2020-10-06 17:16:21.586,80.12142698377943,0.0,0.0,7008.711111111111,2.1665573120117188,9403.933333333332,14653.155555555555,50.0,1298.0,1.2279761390000001,12.0,100.99444444444447,50455318528.0,13.522170167381049
2020-10-06 17:16:36.586,89.82348869539548,0.0,0.0,5916.444444444443,2.3197293281555176,8983.555555555555,19799.04444444444,50.0,1293.0,0.956895137,12.0,100.99444444444447,50455318528.0,13.522170167381049
2020-10-06 17:16:51.586,65.26820777313861,0.0,0.0,7554.844444444444,2.193737030029297,8885.377777777778,14487.488888888887,50.0,1295.0,5.341770428,12.0,101.06111111111096,50455318528.0,13.473534787752833
2020-10-06 17:17:06.586,92.39033514718928,0.0,0.0,7099.733333333334,2.513575553894043,8700.0,19582.555555555555,50.0,1291.0,5.341770428,12.0,101.06111111111096,50455318528.0,13.473534787752833
2020-10-06 17:17:21.586,72.19006004457944,0.0,0.0,8100.977777777777,2.595365047454834,8805.955555555554,14419.288888888888,50.0,1289.0,5.341770428,12.0,101.18055555555551,50455318528.0,13.640909188647116
2020-10-06 17:17:36.586,90.59626614760023,0.0,0.0,5461.333333333333,2.633178234100342,8818.377777777778,19641.266666666666,50.0,1285.0,5.341770428,12.0,101.18055555555551,50455318528.0,13.640909188647116
2020-10-06 17:17:51.586,83.36807727082143,8.888888888883962e-05,0.0,8283.022222222222,2.5936484336853027,8902.977777777776,14465.2,50.0,1288.0,5.341770428,12.0,101.1628212108417,50455318528.0,13.435603084082809
2020-10-06 17:18:06.586,94.41064327792778,8.888888888883962e-05,0.0,8192.0,2.6165246963500977,8887.111111111111,19742.533333333333,50.0,1293.0,5.341770428,12.0,101.1628212108417,50455318528.0,13.435603084082809
2020-10-06 17:18:21.586,80.98757205937557,8.888888888883962e-05,0.0,11741.866666666667,2.6537299156188965,8966.555555555555,14590.644444444444,50.0,1291.0,5.341770428,12.0,101.2611111111112,50455318528.0,13.91222741339419
2020-10-06 17:18:36.586,89.3454949664847,0.00017777777777767923,182.04444444444442,10558.577777777777,2.790045738220215,9039.488888888887,19888.777777777774,50.0,1301.0,5.341770428,12.0,101.2611111111112,50455318528.0,13.91222741339419
2020-10-06 17:18:51.586,71.96058821495369,0.00017777777777767923,182.04444444444442,12196.977777777776,2.7316808700561523,11721.244444444445,17324.577777777777,50.0,1289.0,5.341770428,12.0,101.4027777777778,50455318528.0,13.587159415951644
2020-10-06 17:19:06.586,93.08192290929088,0.00017777777777767923,182.04444444444442,13926.4,2.5783896446228027,11807.044444444444,22516.755555555555,50.0,1290.0,5.567956238,12.0,101.4027777777778,50455318528.0,13.587159415951644
2020-10-06 17:19:21.586,63.52758028246749,0.0,0.0,13016.177777777777,2.6317834854125977,11780.71111111111,17228.577777777777,50.0,1292.0,5.567956238,12.0,101.2472222222224,50455318528.0,13.713472596007204
2020-10-06 17:19:36.586,89.68418326515892,8.888888888899752e-05,0.0,11650.844444444443,2.5725364685058594,9117.444444444443,19788.377777777776,50.0,1289.0,5.567956238,12.0,101.2472222222224,50455318528.0,13.713472596007204
2020-10-06 17:19:51.586,71.79359907508037,8.888888888899752e-05,0.0,8283.022222222222,2.810370922088623,9215.488888888887,14606.377777777778,50.0,1296.0,5.567956238,12.0,101.12222222222232,50455318528.0,13.54070373505718
2020-10-06 17:20:06.586,93.08829075007536,0.00017777777777783712,0.0,9284.266666666666,3.0487537384033203,9239.844444444443,19879.866666666665,50.0,1300.0,5.567956238,12.0,101.12222222222232,50455318528.0,13.54070373505718
2020-10-06 17:20:21.586,66.51001272578235,8.888888888883962e-05,0.0,7099.733333333334,2.8686881065368652,9290.533333333333,14687.22222222222,50.0,1292.0,5.567956238,12.0,100.92051374167004,50455318528.0,14.055978216419257
2020-10-06 17:20:36.586,84.74308069936937,8.888888888883962e-05,0.0,8647.111111111111,2.8737425804138184,9097.91111111111,19921.733333333334,50.0,1297.0,5.567956238,12.0,100.92051374167004,50455318528.0,14.055978216419257
2020-10-06 17:20:51.586,60.50747560910399,0.0,0.0,8829.155555555555,2.648770809173584,9130.688888888888,14724.377777777778,50.0,1295.0,5.567956238,12.0,101.06388888888891,50455318528.0,13.790480649887327
2020-10-06 17:21:06.586,92.31051713495141,0.0,0.0,13653.333333333334,2.8065919876098633,9383.511111111111,19885.222222222223,50.0,1286.0,5.567956238,12.0,101.06388888888891,50455318528.0,13.790480649887327
2020-10-06 17:21:21.586,58.82821327880323,0.0,0.0,9830.4,3.005552291870117,9256.755555555554,14634.466666666667,50.0,1293.0,5.567956238,12.0,100.7138888888889,50455318528.0,14.135336452828984
2020-10-06 17:21:36.586,84.73902258813574,0.0,0.0,11013.688888888888,2.6741623878479004,9278.333333333334,19783.666666666668,50.0,1293.0,5.567956238,12.0,100.7138888888889,50455318528.0,14.135336452828984
2020-10-06 17:21:51.586,76.76966828766608,0.0,0.0,5370.31111111111,2.66873836517334,8888.133333333333,14599.933333333332,50.0,1293.0,5.567956238,12.0,100.72500000000007,50455318528.0,13.856590188520713
2020-10-06 17:22:06.586,88.24771815628635,0.0,0.0,8920.177777777777,2.840542793273926,9127.244444444445,19858.777777777774,50.0,1296.0,5.567956238,12.0,100.72500000000007,50455318528.0,13.856590188520713
2020-10-06 17:22:21.586,71.01503065066727,0.0,0.0,6007.466666666666,2.646803855895996,8922.555555555555,14671.155555555555,50.0,1296.0,5.233838715,12.0,101.13611111111096,50455318528.0,13.781140804953779
2020-10-06 17:22:36.586,91.96492951083252,0.0,0.0,10649.6,2.6367902755737305,9068.133333333333,19868.222222222223,50.0,1291.0,5.233838715,12.0,101.13611111111096,50455318528.0,13.781140804953779
2020-10-06 17:22:51.586,77.22635756773101,0.0,0.0,6917.688888888889,2.6207685470581055,8810.0,14581.288888888888,50.0,1297.0,5.233838715,12.0,101.31388888888884,50455318528.0,13.876743308403034
2020-10-06 17:23:06.586,88.52879123572262,8.888888888883962e-05,0.0,9921.422222222222,2.7025341987609863,9109.044444444444,19878.777777777774,50.0,1298.0,5.233838715,12.0,101.31388888888884,50455318528.0,13.876743308403034
2020-10-06 17:23:21.586,71.26977490314074,8.888888888883962e-05,0.0,7190.7555555555555,2.957010269165039,8895.22222222222,14606.666666666666,50.0,1300.0,5.233838715,12.0,101.3472222222223,50455318528.0,14.106196624294093
2020-10-06 17:23:36.586,89.46717319184835,0.00017777777777783712,0.0,10376.533333333333,2.8063297271728516,9109.288888888888,19854.022222222222,50.0,1292.0,5.233838715,12.0,101.3472222222223,50455318528.0,14.106196624294093
2020-10-06 17:23:51.586,63.14578424024106,8.888888888899752e-05,0.0,6644.622222222222,2.965974807739258,11566.666666666666,17336.777777777777,50.0,1286.0,5.233838715,12.0,101.15555555555567,50455318528.0,13.628366760944582
2020-10-06 17:24:06.586,88.84686517171782,8.888888888899752e-05,0.0,8556.08888888889,2.949035167694092,11932.088888888888,22590.755555555555,50.0,1284.0,5.233838715,12.0,101.15555555555567,50455318528.0,13.628366760944582
2020-10-06 17:24:21.586,72.42421048610862,0.0,0.0,7554.844444444444,2.81752347946167,11745.088888888888,17369.11111111111,50.0,1283.0,5.233838715,12.0,101.10555555555534,50455318528.0,13.731458188656504
2020-10-06 17:24:36.586,91.50569835552899,8.888888888883962e-05,0.0,9375.288888888888,2.649831771850586,9149.755555555554,19742.711111111108,50.0,1288.0,5.233838715,12.0,101.10555555555534,50455318528.0,13.731458188656504
2020-10-06 17:24:51.586,74.22122621017321,8.888888888883962e-05,0.0,7008.711111111111,2.9347658157348633,8801.644444444444,14520.666666666666,50.0,1282.0,5.233838715,12.0,101.10277777777785,50455318528.0,13.591470112163995
2020-10-06 17:25:06.586,84.52037709010202,0.00017777777777767923,0.0,8647.111111111111,2.821075916290283,9154.822222222221,19749.6,50.0,1286.0,5.233838715,12.0,101.10277777777785,50455318528.0,13.591470112163995
2020-10-06 17:25:21.586,83.4315940120676,8.888888888883962e-05,0.0,7463.822222222222,2.7801036834716797,9066.066666666668,14619.088888888888,50.0,1278.0,5.233838715,12.0,101.1166666666667,50455318528.0,13.341741905276516
2020-10-06 17:25:36.586,93.08661714605839,8.888691362409243e-05,0.0,8373.85835870314,2.555239200592041,9279.682673718364,19799.47112286394,50.0,1275.0,5.233838715,12.0,101.1166666666667,50455318528.0,13.341741905276516
2020-10-06 17:25:51.586,80.00813977854911,8.888888888899752e-05,0.0,9193.244444444445,2.640819549560547,8903.177777777777,14562.8,50.0,1282.0,5.233838715,12.0,101.12222222222229,50455318528.0,13.635843507757455
2020-10-06 17:26:06.586,88.36000692738898,8.888888888899752e-05,0.0,7827.911111111111,2.6196956634521484,9329.444444444443,19713.888888888887,50.0,1281.0,5.233838715,12.0,101.12222222222229,50455318528.0,13.635843507757455
2020-10-06 17:26:21.586,76.63164447751082,8.889086424153622e-05,0.0,10649.836663036956,2.7484774589538574,9160.625791684259,14552.301162248048,50.0,1292.0,5.233838715,12.0,101.08888197515489,50455318528.0,13.63976453754292
2020-10-06 17:26:36.586,88.7709844035035,0.0,0.0,9557.333333333334,2.770376205444336,9331.511111111111,19749.133333333335,50.0,1297.0,5.233838715,12.0,101.08888197515489,50455318528.0,13.63976453754292
2020-10-06 17:26:51.586,63.282989735416095,0.0,0.0,13198.22222222222,2.581346035003662,8836.333333333334,14550.644444444444,50.0,1299.0,5.455152483,12.0,101.35662442069184,50455318528.0,13.57952436630699
2020-10-06 17:27:06.586,91.41614433835319,0.0,0.0,10922.666666666666,2.5629758834838867,8828.0,19708.888888888887,50.0,1297.0,5.455152483,12.0,101.35662442069184,50455318528.0,13.57952436630699
2020-10-06 17:27:21.586,72.09346376835553,0.0,0.0,10194.488888888887,2.6967763900756836,8831.244444444445,14570.533333333333,50.0,1292.0,5.455152483,12.0,101.25833333333335,50455318528.0,13.656763786113219
2020-10-06 17:27:36.586,90.09714912866905,0.0,0.0,7463.822222222222,2.9818058013916016,8847.066666666668,19763.11111111111,50.0,1290.0,5.455152483,12.0,101.25833333333335,50455318528.0,13.656763786113219
2020-10-06 17:27:51.586,66.86122410197147,0.0,0.0,9557.333333333334,2.7588844299316406,8960.777777777777,14599.644444444444,50.0,1293.0,5.455152483,12.0,101.15277777777787,50455318528.0,13.626661965860315
2020-10-06 17:28:06.586,90.48301032020765,0.0,0.0,7736.888888888889,2.6821017265319824,8903.155555555555,19786.8,50.0,1288.0,5.455152483,12.0,101.15277777777787,50455318528.0,13.626661965860315
2020-10-06 17:28:21.586,64.2679602848053,8.888888888883962e-05,0.0,10285.511111111111,2.7576327323913574,8934.22222222222,14539.444444444443,50.0,1284.0,5.455152483,12.0,101.08055555555543,50455318528.0,13.851585396036592
2020-10-06 17:28:36.586,88.21544575202857,8.888888888883962e-05,0.0,6462.577777777778,2.444171905517578,8790.066666666668,19650.133333333335,50.0,1281.0,5.455152483,12.0,101.08055555555543,50455318528.0,13.851585396036592
2020-10-06 17:28:51.586,75.44854550757294,8.888888888883962e-05,0.0,10012.444444444443,2.5476455688476562,11453.02222222222,17047.8,50.0,1272.0,5.455152483,12.0,100.99999999999996,50455318528.0,13.586684507776592
2020-10-06 17:29:06.586,94.00181915590163,0.0,0.0,6826.666666666667,2.647864818572998,11534.955555555554,22235.333333333332,50.0,1273.0,5.455152483,12.0,100.99999999999996,50455318528.0,13.586684507776592
2020-10-06 17:29:21.586,70.83943305460114,0.0,0.0,9466.31111111111,2.601027488708496,11617.444444444443,17060.577777777777,50.0,1273.0,5.455152483,12.0,101.25277777777785,50455318528.0,13.834902752619765
2020-10-06 17:29:36.586,90.48926028368483,0.0,0.0,5552.355555555555,2.6893138885498047,8847.244444444445,19555.82222222222,50.0,1266.0,5.455152483,12.0,101.25277777777785,50455318528.0,13.834902752619765
2020-10-06 17:29:51.586,80.19977258155069,0.0,0.0,8829.155555555555,2.655029296875,8756.422222222222,14346.822222222221,50.0,1267.0,5.455152483,12.0,100.9527777777776,50455318528.0,13.728219077055398
2020-10-06 17:30:06.586,86.12460331306092,0.0,0.0,7372.8,2.549421787261963,8833.777777777777,19492.733333333334,50.0,1260.0,5.455152483,12.0,100.9527777777776,50455318528.0,13.728219077055398
2020-10-06 17:30:21.586,84.85226984009897,0.0,0.0,9739.377777777778,2.689480781555176,8911.644444444444,14312.777777777777,50.0,1258.0,5.455152483,12.0,101.1027777777778,50455318528.0,13.739836041513193
2020-10-06 17:30:36.586,92.06254145347243,0.0,0.0,7372.8,3.11887264251709,8802.955555555554,19457.24444444444,50.0,1268.0,5.455152483,12.0,101.1027777777778,50455318528.0,13.739836041513193
2020-10-06 17:30:51.586,77.16258772325095,8.888691362409243e-05,0.0,8828.959356458747,2.972102165222168,8718.317370725095,14321.215084109244,50.0,1266.0,5.455152483,12.0,101.09167179000961,50455318528.0,13.729619444655444
2020-10-06 17:31:06.586,91.53927670664753,8.888888888883962e-05,0.0,7554.844444444444,2.537226676940918,8948.044444444444,19469.888888888887,50.0,1267.0,5.455152483,12.0,101.09167179000961,50455318528.0,13.729619444655444
2020-10-06 17:31:21.586,77.38427635144514,8.888888888883962e-05,0.0,9557.333333333334,2.6103615760803223,9182.644444444444,14410.177777777777,50.0,1263.0,5.455152483,12.0,101.21111111111097,50455318528.0,13.501761330629192
2020-10-06 17:31:36.586,85.71079439680452,0.0,0.0,7372.96384364097,2.7412772178649902,9144.892108713528,19601.880041778706,50.0,1258.0,5.455152483,12.0,101.21111111111097,50455318528.0,13.501761330629192
2020-10-06 17:31:51.586,77.0474635240952,0.0,0.0,9284.266666666666,2.9897689819335938,8867.91111111111,14418.22222222222,50.0,1257.0,1.327965451,12.0,101.26388888888908,50455318528.0,13.500105243271104
2020-10-06 17:32:06.586,92.65501314274537,0.0,0.0,7463.822222222222,2.735304832458496,8681.08888888889,19542.577777777777,50.0,1244.0,0.996337027,12.0,101.26388888888908,50455318528.0,13.500105243271104
2020-10-06 17:32:21.586,80.95864265519465,0.0,0.0,9102.22222222222,2.7350306510925293,8692.577777777777,14322.555555555555,50.0,1218.0,2.10973625,12.0,101.22222222222229,50455318528.0,13.612536515608149
2020-10-06 17:32:36.586,86.4488338186929,0.0,0.0,6098.488888888888,2.961564064025879,8643.733333333334,19526.933333333334,50.0,1202.0,1.096856491,12.0,101.22222222222229,50455318528.0,13.612536515608149
2020-10-06 17:32:51.586,58.762513017716714,0.0,0.0,7918.581396382383,2.911818027496338,8636.571707924091,14258.12186125061,50.0,1182.0,0.7379097689999999,12.0,98.91112827084237,50455318528.0,13.591190038621454
2020-10-06 17:33:06.586,88.54331681883504,0.0,0.0,7190.7555555555555,2.5819778442382812,8540.733333333334,19421.2,50.0,1187.0,0.810933082,12.0,98.91112827084237,50455318528.0,13.591190038621454
2020-10-06 17:33:21.586,63.71960818117351,0.0,0.0,9830.4,2.7651309967041016,8472.555555555555,14197.288888888888,50.0,1208.0,1.229003029,12.0,99.38055555555549,50455318528.0,13.585357201589353
2020-10-06 17:33:36.586,84.68737106635696,0.0,0.0,7100.048891061825,2.498912811279297,8583.892617449665,19441.53073469932,50.0,1215.0,1.6153982630000001,12.0,99.38055555555549,50455318528.0,13.585357201589353
2020-10-06 17:33:51.586,75.20947764617233,0.0,0.0,8829.155555555555,2.464115619659424,11243.844444444443,16945.4,50.0,1208.0,0.732829505,12.0,100.33333333333346,50455318528.0,13.71232794517288
2020-10-06 17:34:06.586,80.49780433233377,0.0,0.0,6735.644444444444,2.7669429779052734,11579.444444444443,22174.777777777774,50.0,1191.0,1.557766955,12.0,100.33333333333346,50455318528.0,13.71232794517288
2020-10-06 17:34:21.586,67.80592663361007,0.0,0.0,10103.466666666667,2.4381399154663086,11383.488888888887,16944.11111111111,50.0,1177.0,1.289444733,12.0,100.35555555555536,50455318528.0,13.860036309490543
2020-10-06 17:34:36.586,79.19904426101463,0.0,0.0,6917.688888888889,2.6134848594665527,8806.333333333334,19429.222222222223,50.0,1151.0,1.49845779,12.0,100.35555555555536,50455318528.0,13.860036309490543
2020-10-06 17:34:51.586,64.86632594955552,0.0,0.0,10467.555555555555,2.745330333709717,8460.133333333333,14164.266666666666,50.0,1053.0,10.933392035,12.0,97.338888888889,50455318528.0,13.46223442429364
2020-10-06 17:35:06.586,80.73764702418389,0.00035555555555567424,0.0,7463.822222222222,2.801036834716797,8129.466666666666,18704.11111111111,50.0,931.0,6.28565617,12.0,97.338888888889,50455318528.0,13.46223442429364
2020-10-06 17:35:21.586,74.26312702622978,0.0009777777777778675,0.0,10740.62222222222,2.9450297355651855,6045.333333333333,11575.244444444445,50.0,794.0,5.78744884,12.0,96.30149320060428,50455318528.0,13.671047535934955
2020-10-06 17:35:36.586,82.89763497793172,0.0009777777777778675,0.0,6371.555555555556,2.7179837226867676,4213.933333333333,14898.066666666668,50.0,688.0,5.740954679000001,12.0,96.30149320060428,50455318528.0,13.671047535934955
2020-10-06 17:35:51.586,67.8094938361426,0.0009777777777777096,0.0,11286.755555555554,2.7127623558044434,2800.3777777777777,8576.08888888889,50.0,674.0,5.740954679000001,12.0,98.27777777777793,50455318528.0,13.874405300980374
2020-10-06 17:36:06.586,85.33218360530496,0.0008888888888888698,0.0,7281.777777777777,3.0936241149902344,3293.244444444444,13828.422222222222,50.0,674.0,5.740954679000001,12.0,98.27777777777793,50455318528.0,13.874405300980374
2020-10-06 17:36:21.586,79.64284873321547,0.0012443061882012527,0.0,8100.077769136761,3.1283974647521973,3130.941006554827,8588.93456282635,50.0,784.0,5.264388707,12.0,98.98061419101573,50455318528.0,13.824868810762014
2020-10-06 17:36:36.586,82.129283990123,0.0011555298771138331,0.0,2821.626186084754,2.902376651763916,3618.4973667251843,14313.681918179596,50.0,902.0,5.264388707,12.0,98.98061419101573,50455318528.0,13.824868810762014
2020-10-06 17:36:51.586,74.36196881788408,0.0006222222222221931,0.0,4004.9777777777776,2.951383590698242,4833.7555555555555,10641.155555555555,50.0,1002.0,5.133023463000001,12.0,95.4822657787457,50455318528.0,14.005820690559013
2020-10-06 17:37:06.586,83.25345557595949,0.0002666962995888533,0.0,4187.487498610956,2.870011329650879,6592.999222135793,17513.83487054117,50.0,1105.0,5.133023463000001,12.0,95.4822657787457,50455318528.0,14.005820690559013
2020-10-06 17:37:21.586,67.55353120756516,8.889086424137832e-05,0.0,5097.357719060424,2.9062628746032715,7676.015022556056,13294.162092490942,50.0,1020.0,5.1446932180000005,12.0,93.68489454086632,50455318528.0,13.55414726329931
2020-10-06 17:37:36.586,81.87811703144224,0.00017777777777783712,0.0,5279.288888888888,3.239262104034424,6521.644444444444,17455.4,50.0,896.0,5.484751543000001,12.0,93.68489454086632,50455318528.0,13.55414726329931
2020-10-06 17:37:51.586,62.7935398535494,0.00017777777777783712,0.0,5279.288888888888,3.2561779022216797,4879.466666666666,10590.088888888888,50.0,777.0,5.150029603,12.0,98.01111111111109,50455318528.0,13.913079807909885
2020-10-06 17:38:06.586,81.2529397289127,0.00017776197671324045,0.0,5005.777264243179,2.9476046562194824,3244.4004977335353,14250.644387165587,50.0,677.0,5.259951342,12.0,98.01111111111109,50455318528.0,13.913079807909885
2020-10-06 17:38:21.586,73.74655937908094,8.888888888883962e-05,0.0,5006.222222222222,2.878451347351074,2822.2222222222217,8551.0,50.0,662.0,5.3925395179999995,12.0,98.58824755936773,50455318528.0,14.00407936351684
2020-10-06 17:38:36.586,80.3350117593602,8.888888888883962e-05,0.0,3549.866666666667,3.110647201538086,2807.9333333333334,13806.22222222222,50.0,666.0,5.527183208,12.0,98.58824755936773,50455318528.0,14.00407936351684
2020-10-06 17:38:51.586,76.82405043582739,0.0,0.0,2912.9700417814915,3.151977062225342,5488.865676949063,11223.797670904081,50.0,674.0,5.2642711669999995,12.0,98.47215678430673,50455318528.0,14.21762937106611
2020-10-06 17:39:06.586,83.50208332764014,0.0,0.0,4915.2,2.909421920776367,5538.733333333334,16395.244444444445,50.0,673.0,5.107672645,12.0,98.47215678430673,50455318528.0,14.21762937106611
2020-10-06 17:39:21.586,63.714652864341616,0.0,0.0,5006.222222222222,2.882206439971924,5486.51111111111,11171.266666666666,50.0,673.0,5.1448864400000005,12.0,98.56773479107856,50455318528.0,13.83864112390873
2020-10-06 17:39:36.586,84.53922540595111,0.0003555397537886813,0.0,6098.2178569841335,2.7605056762695312,2791.0092884760675,13649.371139060484,50.0,675.0,5.20585761,12.0,98.56773479107856,50455318528.0,13.83864112390873
2020-10-06 17:39:51.586,64.39637417882074,0.000444444444444356,0.0,2821.6888888888884,2.7089476585388184,2650.622222222222,8485.177777777777,50.0,686.0,6.033798557,12.0,97.9638888888889,50455318528.0,13.97233363329929
2020-10-06 17:40:06.586,83.08114097035013,0.0008888888888888698,0.0,5825.4222222222215,3.1841397285461426,2989.288888888889,13679.866666666667,50.0,695.0,5.319514895,12.0,97.9638888888889,50455318528.0,13.97233363329929
2020-10-06 17:40:21.586,70.6015947998741,0.000533357038090602,0.0,4096.182052535668,3.245234489440918,2931.196942086315,8555.069114182852,50.0,702.0,5.335344119,12.0,98.87767085944569,50455318528.0,13.69217483905112
2020-10-06 17:40:36.586,83.41493357554263,0.0011555555555557045,0.0,5643.377777777777,3.027963638305664,3052.9777777777776,13746.71111111111,50.0,702.0,6.123745528000001,12.0,98.87767085944569,50455318528.0,13.69217483905112
2020-10-06 17:40:51.586,72.5444170624249,0.0010666666666667068,0.0,2457.6,2.954590320587158,2693.3333333333335,8531.133333333333,50.0,700.0,6.123745528000001,12.0,99.57500000000002,50455318528.0,14.066633201493145
2020-10-06 17:41:06.586,87.329636690547,0.001955555555555577,0.0,5461.333333333333,3.0147910118103027,2809.8,13744.355555555554,50.0,699.0,6.123745528000001,12.0,99.57500000000002,50455318528.0,14.066633201493145
2020-10-06 17:41:21.586,69.31087492951268,0.0015111111111110632,0.0,4004.9777777777776,2.9836058616638184,3016.733333333333,8560.866666666667,50.0,803.0,5.131513995000001,12.0,98.91666666666664,50455318528.0,13.594477872332083
2020-10-06 17:41:36.586,86.6505493114796,0.0018666666666665795,0.0,5643.377777777777,3.044116497039795,3779.4444444444443,14498.22222222222,50.0,921.0,5.62558199,12.0,98.91666666666664,50455318528.0,13.594477872332083
2020-10-06 17:41:51.586,70.4030247007208,0.0009777777777777096,0.0,3185.777777777778,3.004741668701172,5586.066666666667,11046.0,50.0,1043.0,5.62558199,12.0,98.49722222222226,50455318528.0,13.695742732783945
2020-10-06 17:42:06.586,86.13424493040802,0.0007111111111110328,0.0,7190.7555555555555,2.8993844985961914,6967.155555555555,17914.644444444442,50.0,1105.0,5.62558199,12.0,98.49722222222226,50455318528.0,13.695742732783945
2020-10-06 17:42:21.586,61.0529306275022,0.00017777777777783712,0.0,5916.444444444443,3.080296516418457,7936.444444444443,13555.688888888888,50.0,1006.0,5.940369962,12.0,96.80833333333341,50455318528.0,14.030808138750285
2020-10-06 17:42:36.586,83.14765691310375,0.0007111111111111906,0.0,8556.08888888889,3.0753731727600098,6235.244444444444,17174.555555555555,50.0,893.0,5.65973216,12.0,96.80833333333341,50455318528.0,14.030808138750285
2020-10-06 17:42:51.586,77.06328256907415,0.0007111111111111906,0.0,6644.622222222222,2.9595136642456055,4640.777777777777,10311.422222222222,50.0,770.0,5.451821044,12.0,99.62115553185133,50455318528.0,13.988565741883956
2020-10-06 17:43:06.586,82.64387802248817,0.0011555555555555466,0.0,7463.822222222222,2.9700398445129395,2967.133333333333,13980.755555555554,50.0,710.0,5.144706879,12.0,99.62115553185133,50455318528.0,13.988565741883956
2020-10-06 17:43:21.586,65.35821428194815,0.001955555555555577,0.0,11923.91111111111,2.9755473136901855,2811.6888888888884,8570.488888888889,50.0,706.0,5.154417087,12.0,100.90277777777779,50455318528.0,13.732870749528026
2020-10-06 17:43:36.586,86.1734407401681,0.0023111111111110932,0.0,9739.377777777778,2.7068495750427246,2688.733333333333,13704.111111111111,50.0,708.0,5.877754561,12.0,100.90277777777779,50455318528.0,13.732870749528026
2020-10-06 17:43:51.586,55.55238435395926,0.0016888888888889001,0.0,12925.155555555555,2.6642918586730957,5300.11111111111,11132.91111111111,50.0,712.0,5.70690967,12.0,100.2222222222221,50455318528.0,13.854873231840964
2020-10-06 17:44:06.586,81.86509114360916,0.0003555555555555164,0.0,5643.377777777777,2.8284788131713867,5499.155555555555,16348.866666666667,50.0,712.0,5.3377624180000005,12.0,100.2222222222221,50455318528.0,13.854873231840964
2020-10-06 17:44:21.586,69.95215597968738,8.888888888883962e-05,0.0,7463.822222222222,2.85414457321167,5474.244444444444,11190.777777777777,50.0,713.0,5.998039522,12.0,99.88333333333314,50455318528.0,13.98925983674112
2020-10-06 17:44:36.586,83.26281493295909,8.888888888883962e-05,0.0,3094.755555555555,2.978515625,3011.555555555555,13807.4,50.0,707.0,5.341143473,12.0,99.88333333333314,50455318528.0,13.98925983674112
2020-10-06 17:44:51.586,73.28557354273613,0.0003555555555555164,0.0,6826.666666666667,2.758646011352539,2760.9333333333334,8636.8,50.0,701.0,5.599314363,12.0,99.65277777777779,50455318528.0,14.1281519730318
2020-10-06 17:45:06.586,81.82052669881973,0.00035555555555567424,0.0,4824.177777777777,2.9207229614257812,3131.4444444444443,13872.155555555555,50.0,698.0,5.930270891999999,12.0,99.65277777777779,50455318528.0,14.1281519730318
2020-10-06 17:45:21.586,71.49102491907175,0.00035555555555567424,0.0,6826.666666666667,3.1311988830566406,2921.3777777777777,8596.733333333334,50.0,698.0,5.132648868,12.0,99.76666666666661,50455318528.0,13.938420395362616
2020-10-06 17:45:36.586,87.12933449862766,8.888691362425033e-05,0.0,3003.666585186996,2.7989864349365234,2975.0227772716166,13775.604986555854,50.0,690.0,5.748654958,12.0,99.76666666666661,50455318528.0,13.938420395362616
2020-10-06 17:45:51.586,70.85088784148718,0.0,0.0,7190.7555555555555,2.6526927947998047,2745.0888888888885,8555.4,50.0,697.0,5.561190606,12.0,100.76837497623387,50455318528.0,13.663485567486894
2020-10-06 17:46:06.586,90.28152844532836,0.0,0.0,5461.333333333333,3.0597686767578125,2812.1777777777775,13780.977777777776,50.0,689.0,5.451166173,12.0,100.76837497623387,50455318528.0,13.663485567486894
2020-10-06 17:46:21.586,69.04493435778369,0.00017778172848275663,0.0,7646.036578590634,3.171420097351074,3243.8276406142354,8611.835818573745,50.0,802.0,5.158931819,12.0,99.89999734562002,50455318528.0,13.833429338120762
2020-10-06 17:46:36.586,90.03725007968205,0.00017777777777767923,0.0,3822.9333333333334,3.1328678131103516,3977.5333333333333,14639.377777777778,50.0,934.0,5.158931819,12.0,99.89999734562002,50455318528.0,13.833429338120762
2020-10-06 17:46:51.586,73.57721482140184,0.00026666666666651885,0.0,6553.6,3.1282544136047363,6068.4222222222215,11398.355555555554,50.0,1055.0,5.158931819,12.0,99.38888888888881,50455318528.0,13.623922131177451
2020-10-06 17:47:06.586,84.08256519146062,8.888888888883962e-05,0.0,8100.977777777777,3.0992865562438965,7613.377777777777,18528.555555555555,50.0,1098.0,5.984868714,12.0,99.38888888888881,50455318528.0,13.623922131177451
2020-10-06 17:47:21.586,65.4210186655087,0.0002666666666666767,0.0,10285.511111111111,3.271663188934326,8024.644444444444,13632.933333333332,50.0,985.0,5.430974464,12.0,100.49444444444416,50455318528.0,13.98347570878753
2020-10-06 17:47:36.586,88.14994991185755,0.0005333333333333534,0.0,7827.911111111111,2.977418899536133,5952.177777777777,16883.777777777777,50.0,859.0,5.7926777419999995,12.0,100.49444444444416,50455318528.0,13.98347570878753
2020-10-06 17:47:51.586,71.8528253381701,0.0016888888888889001,0.0,7827.911111111111,3.011965751647949,4017.5777777777776,9734.977777777776,50.0,742.0,5.614614478,12.0,101.29316406442874,50455318528.0,13.898455115164637
2020-10-06 17:48:06.586,84.26996743097051,0.0017777777777777397,0.0,6189.51111111111,3.042912483215332,2813.8888888888887,13847.666666666666,50.0,702.0,6.067919034,12.0,101.29316406442874,50455318528.0,13.898455115164637
2020-10-06 17:48:21.586,83.33320882751822,0.0014222222222222234,0.0,7008.711111111111,3.050518035888672,2708.733333333333,8577.244444444445,50.0,698.0,8.404889891,12.0,100.6694444444443,50455318528.0,13.725905442652376
2020-10-06 17:48:36.586,85.50695484017491,0.00035555555555567424,0.0,4004.9777777777776,3.1980395317077637,2765.2,13795.177777777777,50.0,698.0,5.187034675,12.0,100.6694444444443,50455318528.0,13.725905442652376
2020-10-06 17:48:51.586,77.68083893881347,8.888888888899752e-05,0.0,6644.622222222222,3.1830906867980957,5347.666666666667,11183.266666666666,50.0,694.0,6.041925086999999,12.0,99.31666666666675,50455318528.0,14.01665833836136
2020-10-06 17:49:06.586,79.82112272763453,0.0005333333333333534,0.0,6007.466666666666,3.241908550262451,5800.933333333333,16542.777777777777,50.0,705.0,5.883676141,12.0,99.31666666666675,50455318528.0,14.01665833836136
2020-10-06 17:49:21.586,66.83942960275043,0.000444444444444356,0.0,6826.666666666667,3.1682252883911133,5503.222222222222,11219.111111111111,50.0,712.0,5.883676141,12.0,99.46111111111114,50455318528.0,13.937300101577964
2020-10-06 17:49:36.586,86.64527278918209,0.000444444444444356,0.0,3367.822222222222,2.951180934906006,2971.5333333333333,13797.511111111111,50.0,708.0,5.883676141,12.0,99.46111111111114,50455318528.0,13.937300101577964
2020-10-06 17:49:51.586,68.12992887367496,0.0012444444444445443,0.0,4369.066666666667,3.0481934547424316,2540.4888888888886,8451.133333333333,50.0,696.0,5.146627811,12.0,99.35836468996445,50455318528.0,13.857028580764174
2020-10-06 17:50:06.586,82.830979529803,0.0012444167907380837,0.0,3640.8079820448434,3.347182273864746,2819.4262349725564,13686.451412190841,50.0,683.0,5.271856173,12.0,99.35836468996445,50455318528.0,13.857028580764174
2020-10-06 17:50:21.586,63.46928213521675,0.002400000000000091,0.0,5734.4,3.445553779602051,2810.3777777777777,8477.688888888888,50.0,684.0,5.60589546,12.0,97.19166666666669,50455318528.0,13.660356049757688
2020-10-06 17:50:36.586,85.36781950297198,0.0011555555555555466,0.0,3640.8888888888887,3.0095458030700684,2878.755555555555,13736.111111111111,50.0,685.0,5.60589546,12.0,97.19166666666669,50455318528.0,13.660356049757688
2020-10-06 17:50:51.586,71.1891415931588,0.0013333629636213063,0.0,4369.163759194648,2.996242046356201,2778.2395164336986,8558.967977066157,50.0,687.0,5.741939975,12.0,96.89055083940143,50455318528.0,13.886692025013453
2020-10-06 17:51:06.586,86.32714845499254,0.0006222222222221931,0.0,3458.8444444444444,2.8633952140808105,2694.244444444444,13745.155555555555,50.0,702.0,5.969168969,12.0,96.89055083940143,50455318528.0,13.886692025013453
2020-10-06 17:51:21.586,74.15308946001188,0.0009777560498654904,0.0,5279.1715739650235,2.7675867080688477,3121.8417368502924,8561.698628919357,50.0,796.0,5.969168969,12.0,98.48891746850066,50455318528.0,13.91846210935655
2020-10-06 17:51:36.586,85.64820321671746,0.0011555555555555466,0.0,3731.911111111111,2.8139591217041016,3854.5333333333333,14520.422222222222,50.0,923.0,5.714443254,12.0,98.48891746850066,50455318528.0,13.91846210935655
2020-10-06 17:51:51.586,68.69632600544176,0.0007111111111110328,0.0,4278.044444444445,2.890157699584961,5655.31111111111,11013.177777777777,50.0,1051.0,5.469987263,12.0,97.02222222222221,50455318528.0,13.806396150652416
2020-10-06 17:52:06.586,86.58093754265288,0.0003555634569656711,0.0,4278.139514211426,2.827882766723633,6978.643969865996,17911.66470366008,50.0,1108.0,5.469987263,12.0,97.02222222222221,50455318528.0,13.806396150652416
2020-10-06 17:52:21.586,70.7808803326978,0.00017777777777783712,0.0,6462.577777777778,2.878892421722412,7658.8,13413.644444444444,50.0,1012.0,7.14986284,12.0,95.22777777777782,50455318528.0,13.737193624438703
2020-10-06 17:52:36.586,81.76546062620021,0.00017777777777783712,0.0,5370.31111111111,2.7226805686950684,6131.7555555555555,17089.355555555554,50.0,898.0,6.255814671,12.0,95.22777777777782,50455318528.0,13.737193624438703
2020-10-06 17:52:51.586,71.54674134338373,0.0002666666666666767,0.0,4187.022222222222,2.6788830757141113,4275.7555555555555,10095.511111111111,50.0,781.0,6.833328786,12.0,98.81111111111106,50455318528.0,13.907600125554648
2020-10-06 17:53:06.586,82.0139438870294,0.00017777777777783712,0.0,5461.333333333333,2.865898609161377,2942.422222222222,13879.0,50.0,718.0,6.833328786,12.0,98.81111111111106,50455318528.0,13.907600125554648
2020-10-06 17:53:21.586,75.31689369588784,0.0001777698768944196,0.0,4732.945202435448,2.8443455696105957,2600.284431803031,8501.133282965202,50.0,723.0,5.179015008,12.0,100.26395678710554,50455318528.0,13.89224478780311
2020-10-06 17:53:36.586,70.02409849111014,0.00017777777777783712,0.0,6189.51111111111,2.8714537620544434,2868.511111111111,13827.4,50.0,721.0,5.179015008,12.0,100.26395678710554,50455318528.0,13.89224478780311
2020-10-06 17:53:51.586,72.86606388757455,8.888888888883962e-05,0.0,2639.644444444444,2.931523323059082,5373.466666666666,11277.355555555554,50.0,681.0,5.434854617,12.0,100.59444444444463,50455318528.0,13.77952126453007
2020-10-06 17:54:06.586,83.85518585226919,0.0005333570380904441,0.0,5097.470998711054,3.0101895332336426,5693.341926307836,16495.044224187743,50.0,562.0,6.2047030549999995,12.0,100.59444444444463,50455318528.0,13.77952126453007
2020-10-06 17:54:21.586,66.63696274693176,0.00044442469223581214,0.0,3276.654370916848,3.17385196685791,5610.6173058975155,11271.23238967157,50.0,430.0,11.048910614,12.0,100.7220740318318,50455318528.0,14.07581474659021
2020-10-06 17:54:36.586,77.08788217454983,0.0006220978026616608,0.0,6734.297584927458,2.6503562927246094,3365.593547957075,14056.388722255548,50.0,304.0,5.318059170000001,12.0,100.7220740318318,50455318528.0,14.07581474659021
2020-10-06 17:54:51.586,55.249788592118286,0.00017777777777783712,0.0,5552.355555555555,2.778947353363037,3249.2,8827.444444444443,50.0,218.0,8.12370066,12.0,100.29359433109566,50455318528.0,14.064161250109258
2020-10-06 17:55:21.586,17.65226593028584,0.00035556345696582915,0.0,12561.345807684616,3.7025094032287598,3288.3619635991913,14134.136314140316,50.0,217.0,6.660951418,12.0,100.29359433109566,50455318528.0,14.064161250109258
2020-10-06 17:56:06.586,43.29175635092321,0.00035557926083957235,0.0,10286.196857568282,3.811359405517578,3350.17890081561,8764.784318954597,50.0,222.0,10.521403680999999,12.0,98.9967644719963,50455318528.0,13.73384491820353
2020-10-06 17:56:36.586,42.42040847624423,0.0008887506387895027,0.0,14197.258204279335,3.00980806350708,3580.99851134268,14290.110427266869,50.0,220.0,14.051848032,12.0,98.9967644719963,50455318528.0,13.73384491820353
2020-10-06 17:56:51.586,42.42040847624423,0.0008000177781727207,0.0,8192.182048489965,3.00980806350708,3621.43603191182,8964.932554056755,50.0,217.0,9.611577066,12.0,100.56516074999362,50455318528.0,13.972041400106727
2020-10-06 17:57:06.586,29.784067648972005,0.003644201497677966,0.0,33129.88023020687,3.00980806350708,15287.24751683221,14660.155989600695,1.0,180.0,17.851346398,12.0,100.56516074999362,50455318528.0,13.972041400106727
2020-10-06 17:57:21.586,29.01375599877986,0.02905246324019368,1182.7106747812181,212524.01048376353,4.807090759277344,32303.40722313536,11227.599840078185,1.0,248.0,5.262320625,12.0,99.27439291785653,50455318528.0,12.954095748081329
2020-10-06 17:57:36.586,42.424293418166876,0.14675555555555567,1183.2888888888888,1254923.3777777776,4.807090759277344,49808.911111111105,13000.177777777777,1.0,338.0,5.33987106,12.0,99.27439291785653,50455318528.0,12.954095748081329
2020-10-06 17:57:51.586,42.424293418166876,0.1438509924207064,1183.5255940076904,1229318.9304527573,4.807090759277344,63325.24282634305,8537.396368162523,1.0,419.0,5.676137267,12.0,77.71738292102867,50455318528.0,12.064070652629495
2020-10-06 17:58:06.586,41.53403303018509,0.118209512797136,0.0,1094428.320473194,4.707610607147217,50174.423517377865,7336.394565386582,1.0,441.0,12.804732169000001,12.0,77.71738292102867,50455318528.0,12.064070652629495
2020-10-06 17:58:21.586,41.53403303018509,0.012265031329156103,0.0,186206.6391147847,4.707610607147217,33939.40807892281,5773.163578189575,1.0,344.0,22.029760814,12.0,50.876707342348006,50455318528.0,12.170644734052082
2020-10-06 17:58:36.586,42.15205637040992,0.012266666666666657,0.0,198519.46666666667,5.0646185874938965,9890.066666666668,5247.6,1.0,227.0,8.546553512000001,12.0,50.876707342348006,50455318528.0,12.170644734052082
2020-10-06 17:58:51.586,41.36836470035241,0.012174801715136341,0.0,157702.96149830043,5.0646185874938965,7207.504832152141,4814.75639288174,1.0,125.0,28.766598537999997,12.0,51.30922626320979,50455318528.0,12.212765364068895
2020-10-06 17:59:06.586,14.838751624999984,0.0002666488900740052,0.0,21661.844765904494,4.925835132598877,5915.338977401507,4794.702575383863,1.0,108.0,19.655769032,12.0,51.30922626320979,50455318528.0,12.212765364068895
2020-10-06 17:59:21.586,14.838751624999984,0.0003555555555555164,0.0,21117.155555555553,4.925835132598877,3792.0444444444443,3347.0666666666666,1.0,111.0,26.603740392,12.0,52.17676712961548,50455318528.0,11.994417574578636
2020-10-06 17:59:36.586,42.519930965420116,0.00017779358165160384,0.0,12380.12267757134,4.6520233154296875,1782.2250866743711,2688.572317539337,1.0,115.0,19.382844698,12.0,52.17676712961548,50455318528.0,11.994417574578636
2020-10-06 18:00:06.586,42.21141015109487,0.00017778172848275663,0.0,13107.491277583944,4.6520233154296875,3739.7053267850397,4502.100046667703,1.0,110.0,23.481813207,12.0,51.771202497751986,50455318528.0,12.236863868734144
2020-10-06 18:00:21.586,42.21141015109487,0.0,0.0,819.163592729212,4.973554611206055,3979.712012799431,4926.158837385005,1.0,115.0,17.097939081,12.0,51.771202497751986,50455318528.0,12.236863868734144
2020-10-06 18:00:36.586,31.040399885452715,0.0,0.0,728.0807003510643,4.973554611206055,3904.9015686797316,4513.4870906101405,1.0,113.0,5.129808111,12.0,51.762314758052085,50455318528.0,11.98320245475375
2020-10-06 18:00:51.586,41.76775046259616,0.0,0.0,0.0,4.902255535125732,1303.5797613492432,2258.916072261849,1.0,110.0,27.950745416999997,12.0,51.762314758052085,50455318528.0,11.98320245475375
2020-10-06 18:01:06.586,44.802080584224505,0.0,0.0,0.0,4.805910587310791,1076.158940397351,1834.281523623272,1.0,113.0,17.796830076,12.0,51.16782671991804,50455318528.0,12.10353667251386
2020-10-06 18:01:21.586,44.802080584224505,0.0,0.0,0.0,4.805910587310791,1206.926445417565,2312.4013603930025,1.0,112.0,11.526385614,12.0,51.16782671991804,50455318528.0,12.10353667251386
2020-10-06 18:01:36.586,42.53540926251385,0.0,0.0,364.1374405476285,3.9609670639038086,1376.9835978130416,1940.4142774592167,1.0,111.0,8.855954545000001,12.0,51.35317205914556,50455318528.0,11.97553087536653
2020-10-06 18:01:51.586,42.53540926251385,0.0,0.0,364.0646179143613,1.4806747436523438,1442.9926893762638,2361.0203764193498,1.0,112.0,19.610388649,12.0,51.35317205914556,50455318528.0,11.97553087536653
2020-10-06 18:02:06.586,41.92494441374314,0.0,0.0,454.97967253904426,1.4806747436523438,1303.0902183813564,1874.2585475307133,1.0,111.0,16.058640667,12.0,51.62751582211279,50455318528.0,12.390977395461016
2020-10-06 18:02:21.586,41.92494441374314,0.0,0.0,91.03031380567161,1.6606569290161133,1162.3033158502978,2268.623877678016,1.0,113.0,20.488485414,12.0,51.62751582211279,50455318528.0,12.390977395461016
2020-10-06 18:02:36.586,43.224655381274296,0.0,0.0,455.1212249161092,1.6606569290161133,1437.5875019444875,1869.063756972377,1.0,222.0,5.10673282,12.0,51.618534998201085,50455318528.0,12.221374584052775
2020-10-06 18:02:51.586,31.75643389769921,0.0,0.0,364.19410051792744,1.7778515815734863,1516.015737879832,2293.3514126303153,1.0,334.0,5.129271732,12.0,51.618534998201085,50455318528.0,12.221374584052775
2020-10-06 18:03:06.586,41.59008951618989,0.0,0.0,455.06054882790795,1.7778515815734863,1401.8886790356626,1844.0617709143428,1.0,448.0,5.248347741,12.0,49.03729800942321,50455318528.0,11.949252668456223
2020-10-06 18:03:21.586,41.59008951618989,0.0,0.0,91.02626783412596,1.9504547119140625,1161.496066491844,2264.8339926218946,1.0,488.0,10.282464009,12.0,49.03729800942321,50455318528.0,11.949252668456223
2020-10-06 18:03:36.586,42.52293746890334,0.0,0.0,91.0201995511211,1.9504547119140625,1086.0203106597633,1832.381502633275,1.0,380.0,12.153134784,12.0,48.81664514416369,50455318528.0,11.98379913395986
2020-10-06 18:03:51.586,42.52293746890334,0.0,0.0,0.0,1.7304182052612305,1245.816387759184,2319.821321421428,1.0,267.0,30.077102922999998,12.0,48.81664514416369,50455318528.0,11.98379913395986
2020-10-06 18:04:06.586,42.35574131961989,0.0,0.0,0.0,1.7304182052612305,1138.9333333333334,1883.4444444444443,1.0,157.0,21.065077441,12.0,51.158607613296425,50455318528.0,11.990484368663095
2020-10-06 18:04:21.586,42.343592717803574,0.0,0.0,0.0,2.1428704261779785,1260.0253271422541,2360.378574126325,1.0,111.0,26.293131428000002,12.0,51.158607613296425,50455318528.0,11.990484368663095
2020-10-06 18:04:36.586,32.202170240567526,0.0,0.0,0.0,2.1428704261779785,1119.9271418734313,1888.02505608743,1.0,110.0,11.331599702,12.0,51.64651337563334,50455318528.0,12.355907313308807
2020-10-06 18:04:51.586,25.162276664303878,0.0,0.0,0.0,1.763927936553955,1188.19844038124,2302.2816644820155,1.0,114.0,9.57424056,12.0,51.64651337563334,50455318528.0,12.355907313308807
2020-10-06 18:05:06.586,42.746729675464834,0.0,0.0,0.0,1.763927936553955,3743.6393129346934,4512.4325044997,1.0,111.0,13.664334070999999,12.0,51.86647776316294,50455318528.0,11.898108798647467
2020-10-06 18:05:21.586,16.189956025268064,0.0,0.0,0.0,1.8792033195495605,3969.4585222726064,4927.2250377878545,1.0,112.0,30.495060419,12.0,51.86647776316294,50455318528.0,11.898108798647467
2020-10-06 18:05:36.586,18.6972904658334,0.0,0.0,0.0,1.8792033195495605,3904.971442540613,4504.522523723804,1.0,110.0,15.214081544999999,12.0,51.542728382561286,50455318528.0,11.988341194677771
2020-10-06 18:05:51.586,23.55968070895604,0.0,0.0,0.0,1.44423246383667,1378.702695495656,2304.3932357058734,1.0,109.0,12.957768945,12.0,51.542728382561286,50455318528.0,11.988341194677771
2020-10-06 18:06:06.586,43.51892007503693,0.0,0.0,0.0,1.44423246383667,1137.1415870193375,1884.5298955323406,1.0,109.0,13.256797855,12.0,51.43683619484467,50455318528.0,11.895515074343411
2020-10-06 18:06:36.586,43.25099207891696,0.0,0.0,0.0,1.889646053314209,1201.458036984353,2307.676920341394,1.0,110.0,29.075544,12.0,51.43683619484467,50455318528.0,11.895515074343411
2020-10-06 18:06:51.586,43.25099207891696,0.0,0.0,0.0,2.0591259002685547,1263.1099255307324,1849.1719462042902,1.0,111.0,20.388546569,12.0,51.63381679953832,50455318528.0,12.154790136707577
2020-10-06 18:07:06.586,29.88085532928908,0.0,0.0,0.0,2.0591259002685547,1344.7977071252415,2270.079317469839,1.0,109.0,8.886216755,12.0,51.63381679953832,50455318528.0,12.154790136707577
2020-10-06 18:07:21.586,28.937055932610946,0.0,0.0,0.0,2.0591259002685547,1273.2828159374237,1858.0253772138399,1.0,110.0,7.507055494,12.0,51.95335682698998,50455318528.0,11.952370008907643
2020-10-06 18:07:36.586,42.87786089981452,0.0,0.0,0.0,1.9538283348083496,1151.5919038414538,2266.7688684485324,1.0,111.0,17.392297248,12.0,51.95335682698998,50455318528.0,11.952370008907643
2020-10-06 18:07:51.586,42.87786089981452,0.0,0.0,0.0,1.5844225883483887,1443.518456786008,1881.1476320643599,1.0,215.0,5.1234825,12.0,52.049094376553306,50455318528.0,11.965837894602766
2020-10-06 18:08:06.586,42.9215441393073,0.0,0.0,0.0,1.5844225883483887,1557.1012689170868,2324.4960999133314,1.0,328.0,5.229604278,12.0,52.049094376553306,50455318528.0,11.965837894602766
2020-10-06 18:08:21.586,42.9215441393073,0.0,0.0,0.0,1.5844225883483887,1508.424094243165,1936.4747721715937,1.0,441.0,5.276948937,12.0,49.51996801758394,50455318528.0,12.276536899206114
2020-10-06 18:08:36.586,41.5467746588282,0.0,0.0,0.0,1.9105315208435059,1207.4276570209363,2307.0631639774197,1.0,485.0,6.344483589,12.0,49.51996801758394,50455318528.0,12.276536899206114
2020-10-06 18:08:51.586,41.5467746588282,0.0,0.0,0.0,1.9105315208435059,1138.5333333333333,1895.9555555555555,1.0,383.0,19.672638725000002,12.0,48.32424722792067,50455318528.0,12.147934423229312
2020-10-06 18:09:06.586,43.40686390200063,0.0,0.0,0.0,1.8840909004211426,1165.3081621321487,2262.4764019988897,1.0,266.0,20.606130063000002,12.0,48.32424722792067,50455318528.0,12.147934423229312
2020-10-06 18:09:21.586,43.40686390200063,0.0,0.0,0.0,1.8840909004211426,1089.8162344732575,1853.3875519409817,1.0,154.0,25.230654664000003,12.0,51.19911338623611,50455318528.0,11.91761653174876
2020-10-06 18:09:36.586,42.928071386145625,0.0,0.0,0.0,2.000594139099121,1168.751805515433,2307.4153907690943,1.0,110.0,21.952867241,12.0,51.19911338623611,50455318528.0,11.91761653174876
2020-10-06 18:09:51.586,42.928071386145625,0.0,0.0,0.0,2.000594139099121,1090.6948304613675,1892.473596442468,1.0,110.0,14.790189999,12.0,51.72401533947697,50455318528.0,12.279617708936302
2020-10-06 18:10:06.586,43.35854999187892,0.0,0.0,0.0,1.781010627746582,1209.1684814008265,2345.9401804364247,1.0,112.0,24.976889449999998,12.0,51.72401533947697,50455318528.0,12.279617708936302
2020-10-06 18:10:21.586,43.35854999187892,0.0,0.0,0.0,1.781010627746582,3805.0704350531037,4573.079145002888,1.0,111.0,19.610380158,12.0,51.80697964228735,50455318528.0,11.92041726781185
2020-10-06 18:10:36.586,43.71890218578732,0.0,0.0,0.0,1.6814589500427246,4049.270275673634,5017.726636603949,1.0,114.0,30.631239982,12.0,51.80697964228735,50455318528.0,11.92041726781185
2020-10-06 18:10:51.586,43.71890218578732,0.0,0.0,0.0,1.6814589500427246,3945.206088212421,4569.8033551827575,1.0,111.0,20.710599601000002,12.0,52.089865533280324,50455318528.0,11.894553082815207
2020-10-06 18:11:06.586,42.013435583430876,0.0,0.0,0.0,1.5100955963134766,1306.6308164081597,2301.8310297320118,1.0,111.0,8.578549117,12.0,52.089865533280324,50455318528.0,11.894553082815207
2020-10-06 18:11:21.586,42.01343558343088,0.0,0.0,0.0,1.5100955963134766,1066.3021493187525,1857.10475428419,1.0,112.0,29.957531338,12.0,51.48131792956796,50455318528.0,11.907168570082948
2020-10-06 18:11:36.586,42.92123607762515,0.0,0.0,0.0,2.1174192428588867,1141.38383232202,2315.618679291414,1.0,111.0,15.051387211,12.0,51.48131792956796,50455318528.0,11.907168570082948
2020-10-06 18:11:51.586,42.92123607762515,0.0,0.0,0.0,2.1174192428588867,1259.5514857866779,1863.067588291512,1.0,112.0,5.82836752,12.0,51.66574627885725,50455318528.0,12.305226175002309
2020-10-06 18:12:06.586,41.917940275896036,0.0,0.0,0.0,1.7861604690551758,1344.1715746194022,2295.899544393821,1.0,111.0,31.746769148,12.0,51.66574627885725,50455318528.0,12.305226175002309
2020-10-06 18:12:21.586,41.917940275896036,0.0,0.0,0.0,1.7861604690551758,1254.0553753166525,1825.8299631127506,1.0,115.0,20.671973559999998,12.0,52.142167841015684,50455318528.0,12.121717101293306
2020-10-06 18:12:36.586,42.054275358985734,0.0,0.0,0.0,1.8218755722045898,1244.9623425384905,2339.4059229966006,1.0,110.0,5.6765635329999995,12.0,52.142167841015684,50455318528.0,12.121717101293306
2020-10-06 18:12:51.586,42.054275358985734,0.0,0.0,0.0,1.8218755722045898,1523.079316398871,1932.0621374758316,1.0,238.0,8.965094099,12.0,52.212717461651835,50455318528.0,12.193622946495552
2020-10-06 18:13:06.586,42.541507017709115,0.0,0.0,0.0,2.065706253051758,1603.2624397182035,2353.4235615707717,1.0,349.0,8.965094099,12.0,52.212717461651835,50455318528.0,12.193622946495552
2020-10-06 18:13:21.586,42.541507017709115,0.0,0.0,0.0,2.065706253051758,1408.4068730966724,1833.9298019427836,1.0,448.0,8.965094099,12.0,50.5882288565217,50455318528.0,12.23883656172613
2020-10-06 18:13:36.586,42.80483522881314,0.0,0.0,0.0,1.604604721069336,1118.5555555555554,2227.9333333333334,1.0,497.0,8.053727485,12.0,50.5882288565217,50455318528.0,12.23883656172613
2020-10-06 18:13:51.586,42.80483522881314,0.0,0.0,0.0,1.604604721069336,1060.9986444745673,1823.8261371969515,1.0,371.0,8.272229515000001,12.0,47.120544173092235,50455318528.0,11.939194374403556
2020-10-06 18:14:06.586,27.38808878839513,0.0,0.0,0.0,1.9165992736816406,1170.967312133594,2268.2758926985257,1.0,263.0,13.358031264,12.0,47.120544173092235,50455318528.0,11.939194374403556
2020-10-06 18:14:21.586,26.98637586056331,8.88790134430594e-05,0.0,455.06054882790795,1.9165992736816406,1102.4552827463615,1860.0155538273523,1.0,156.0,24.286190058,12.0,49.65827778395012,50455318528.0,11.991178464217173
2020-10-06 18:14:36.586,43.0081652747577,8.888296335810698e-05,0.0,455.08077239295164,1.8637418746948242,1246.1613670199765,2343.6215363420215,1.0,109.0,11.386402124,12.0,49.65827778395012,50455318528.0,11.991178464217173
2020-10-06 18:14:51.586,43.0081652747577,8.894818768078471e-05,0.0,5464.976651100734,1.8637418746948242,1186.2575050033354,1937.4916611074048,1.0,108.0,13.328390344999999,12.0,51.66137800303594,50455318528.0,12.015325676528516
2020-10-06 18:15:06.586,42.6884019628642,0.0,0.0,5005.332385353715,2.1240234375,1263.4864912904372,2356.181123355848,1.0,110.0,19.691750209000002,12.0,51.66137800303594,50455318528.0,12.015325676528516
2020-10-06 18:15:21.586,42.637023472152165,0.0,0.0,5370.072441224835,2.1240234375,3785.5206435269542,4549.353362072797,1.0,111.0,18.124592416,12.0,50.960813194414456,50455318528.0,12.212923667956444
2020-10-06 18:15:36.586,18.9247498979167,0.0,0.0,362.6543893045288,1.8555879592895508,3956.77099473195,4922.727876400018,1.0,112.0,17.618926757,12.0,50.960813194414456,50455318528.0,12.212923667956444
2020-10-06 18:15:51.586,18.9247498979167,0.0,0.0,364.16981551455876,1.8555879592895508,3909.6465881306954,4528.22849522116,1.0,116.0,10.007516605000001,12.0,51.32333796624175,50455318528.0,11.938390684224304
2020-10-06 18:16:06.586,44.14634796381047,0.0,0.0,0.0,2.1392822265625,1298.3286660443616,2254.7895274925545,1.0,112.0,17.084938773999998,12.0,51.32333796624175,50455318528.0,11.938390684224304
2020-10-06 18:16:36.586,41.612280386263656,0.0,0.0,0.0,2.1392822265625,1065.7072735385989,1831.6822846943328,1.0,113.0,12.988097185,12.0,51.66136161582207,50455318528.0,11.97730873348284
2020-10-06 18:16:51.586,41.612280386263656,0.0,0.0,0.0,2.012920379638672,1120.5394836244056,2235.1242056614674,1.0,111.0,7.612694166,12.0,51.66136161582207,50455318528.0,11.97730873348284
2020-10-06 18:17:06.586,42.21181060714187,0.0,0.0,0.0,2.012920379638672,1255.638262415287,1829.6855904899453,1.0,114.0,19.730642921999998,12.0,51.39353260774858,50455318528.0,11.967664460851541
2020-10-06 18:17:21.586,42.211810607141864,0.0,0.0,0.0,1.9579052925109863,1421.7986314760508,2328.579045587843,1.0,116.0,19.556344672999998,12.0,51.39353260774858,50455318528.0,11.967664460851541
2020-10-06 18:17:36.586,43.44069741736497,0.0,0.0,0.0,1.9579052925109863,1343.1352937254119,1928.0300504545353,1.0,114.0,16.462254137,12.0,51.50031660908283,50455318528.0,12.227377899195591
2020-10-06 18:17:51.586,43.44069741736497,0.0,0.0,0.0,1.971447467803955,1211.5346149572174,2331.103455939549,1.0,117.0,6.591380824,12.0,51.50031660908283,50455318528.0,12.227377899195591
2020-10-06 18:18:06.586,43.59633856837198,0.0,0.0,0.0,1.9104242324829102,1433.6163214507956,1885.3231398346518,1.0,222.0,11.33389326,12.0,51.76535375707469,50455318528.0,12.045865872500327
2020-10-06 18:18:21.586,43.59633856837198,0.0,0.0,0.0,1.9104242324829102,1530.5333333333333,2294.4444444444443,1.0,337.0,11.33389326,12.0,51.76535375707469,50455318528.0,12.045865872500327
2020-10-06 18:18:36.586,42.77221349784596,0.0,0.0,0.0,1.9104242324829102,1447.5333333333333,1883.1333333333334,1.0,453.0,5.950925701,12.0,49.70601470775574,50455318528.0,12.051102030459775
2020-10-06 18:18:51.586,42.77221349784596,0.0,0.0,0.0,1.607191562652588,1134.9098748694241,2246.593914608939,1.0,467.0,9.908327830000001,12.0,49.70601470775574,50455318528.0,12.051102030459775
2020-10-06 18:19:06.586,29.92415470266336,0.0,0.0,0.0,1.607191562652588,1047.928007999111,1821.3754027330294,1.0,355.0,15.544325138,12.0,48.82816855095728,50455318528.0,12.144524831453406
2020-10-06 18:19:21.586,30.138816627001685,0.0,0.0,0.0,1.9707322120666504,1166.433348887852,2263.737973024021,1.0,241.0,29.220481073,12.0,48.82816855095728,50455318528.0,12.144524831453406
2020-10-06 18:19:36.586,42.53529980966701,8.883361463973045e-05,0.0,909.6562139113441,1.9707322120666504,1216.7540197210624,1955.0946077995914,1.0,125.0,23.470564513000003,12.0,50.11802303757398,50455318528.0,11.949045656759461
2020-10-06 18:19:51.586,42.53529980966701,8.884545333387641e-05,0.0,909.7774421393987,1.7441749572753906,1347.6300475323178,2432.699569099552,1.0,109.0,20.954527817,12.0,50.11802303757398,50455318528.0,11.949045656759461
2020-10-06 18:20:06.586,42.81804791398024,0.00017778172848275663,0.0,6462.721393808751,1.7441749572753906,1274.3616524811662,1998.7777506166801,1.0,115.0,18.248847382,12.0,51.75908628488538,50455318528.0,11.990192117225906
2020-10-06 18:20:21.586,42.81804791398024,8.893236693489669e-05,0.0,5737.204855707236,1.894211769104004,1241.740406420917,2331.6732624838814,1.0,112.0,21.982835814999998,12.0,51.75908628488538,50455318528.0,11.990192117225906
2020-10-06 18:20:36.586,42.24529873747692,8.892445867230854e-05,0.0,6647.281134676092,1.894211769104004,3789.471344093193,4545.329242808234,1.0,117.0,25.317866215,12.0,51.82870849066119,50455318528.0,12.149919291153271
2020-10-06 18:20:51.586,42.245298737476915,0.0,0.0,4641.514464738035,1.466977596282959,3815.6690219081897,4943.585299737812,1.0,113.0,13.270055781,12.0,51.82870849066119,50455318528.0,12.149919291153271
2020-10-06 18:21:06.586,41.909838375871836,0.0,0.0,5006.667259311939,1.466977596282959,3901.7245977420216,4520.3795892968255,1.0,111.0,13.512659997,12.0,52.20608173580502,50455318528.0,11.707244749657836
2020-10-06 18:21:21.586,41.909838375871836,0.0,0.0,4187.8597941810585,1.9415855407714844,1332.533173301327,2282.745437976484,1.0,112.0,19.330321052,12.0,52.20608173580502,50455318528.0,11.707244749657836
2020-10-06 18:21:36.586,42.69377455012073,0.0,0.0,637.2121966397012,1.9415855407714844,1263.82345097342,1871.1441016979288,1.0,111.0,6.534549826,12.0,52.03927527794618,50455318528.0,11.958470741341504
2020-10-06 18:21:51.586,31.579873471815134,0.0,0.0,91.00402141793863,1.7403841018676758,1090.4707947299428,2297.2738785576216,1.0,116.0,5.499980838000001,12.0,52.03927527794618,50455318528.0,11.958470741341504
2020-10-06 18:22:06.586,42.02970028376529,0.0,0.0,0.0,1.7403841018676758,1291.640743045063,1842.6139898675676,1.0,113.0,8.320396172999999,12.0,51.11217747191357,50455318528.0,11.97252312801001
2020-10-06 18:22:21.586,42.02970028376529,0.0,0.0,0.0,2.0289063453674316,1265.9527195165306,2271.507287593317,1.0,113.0,7.919359993,12.0,51.11217747191357,50455318528.0,11.97252312801001
2020-10-06 18:22:36.586,43.4642836143718,0.0,0.0,0.0,2.0289063453674316,1372.6993865030674,1840.7130790433005,1.0,111.0,19.602733732,12.0,51.57433029038418,50455318528.0,11.993065916143102
2020-10-06 18:22:51.586,43.4642836143718,0.0,0.0,0.0,1.9337058067321777,1022.3353186949952,2271.0907636234333,1.0,114.0,25.567169601,12.0,51.57433029038418,50455318528.0,11.993065916143102
2020-10-06 18:23:06.586,42.60165766137046,0.0,0.0,0.0,1.9337058067321777,1527.4888888888888,1874.911111111111,1.0,226.0,5.682857631,12.0,51.64635778570542,50455318528.0,12.123665438712521
2020-10-06 18:23:21.586,31.609009929481502,0.0,0.0,0.0,1.8486261367797852,1411.6666666666667,2310.133333333333,1.0,331.0,5.193748289,12.0,51.64635778570542,50455318528.0,12.123665438712521
2020-10-06 18:23:36.586,42.86065816090499,0.0,0.0,0.0,1.8486261367797852,1546.921179529344,1879.38045821204,1.0,437.0,5.1303840460000005,12.0,49.83721053112428,50455318528.0,11.82865055358911
2020-10-06 18:23:51.586,42.86065816090499,0.0,0.0,0.0,1.8550515174865723,1072.3081710678405,2298.9241575531255,1.0,472.0,9.81214394,12.0,49.83721053112428,50455318528.0,11.82865055358911
2020-10-06 18:24:06.586,42.832165489763625,0.0,0.0,0.0,1.8550515174865723,1245.5945423435037,1897.7133841470193,1.0,362.0,12.565600656,12.0,46.80212176754704,50455318528.0,11.992371820713583
2020-10-06 18:24:21.586,42.945538003719044,0.0,0.0,0.0,1.8816590309143066,1105.8708588684608,2306.4659383604226,1.0,259.0,19.195065562,12.0,46.80212176754704,50455318528.0,11.992371820713583
2020-10-06 18:24:36.586,28.40920707928686,8.886716580386534e-05,0.0,363.9999111328342,1.8816590309143066,1212.214791939748,1868.4543778187553,1.0,154.0,9.710893873000002,12.0,49.99463064120355,50455318528.0,11.946768537641505
2020-10-06 18:24:51.586,27.19387073304944,8.886124316874267e-05,0.0,363.9756520193717,1.7660021781921387,1081.6412671613275,2311.7030257253296,1.0,116.0,20.544001448,12.0,49.99463064120355,50455318528.0,11.946768537641505
2020-10-06 18:25:06.586,42.18814038718855,8.895016566963425e-05,0.0,455.42484822877975,1.7660021781921387,1238.8089572816828,1900.6204274055458,1.0,115.0,33.455755257,12.0,51.313057645080754,50455318528.0,11.915363766100945
2020-10-06 18:25:36.586,42.88748582736311,0.0,0.0,91.04043030828387,1.9831180572509766,1095.507990486986,2300.104465337512,1.0,113.0,6.721885544,12.0,51.313057645080754,50455318528.0,11.915363766100945
2020-10-06 18:25:51.586,42.88748582736311,0.0,0.0,91.0363834374236,1.9831180572509766,3861.1784055297485,4518.680683661903,1.0,115.0,8.395689741,12.0,51.84140967403389,50455318528.0,12.143818558547409
2020-10-06 18:26:06.586,30.44973295451418,0.0,0.0,0.0,1.6276955604553223,3757.742601514109,4964.322980263304,1.0,114.0,10.25174699,12.0,51.84140967403389,50455318528.0,12.143818558547409
2020-10-06 18:26:21.586,41.8184185145027,0.0,0.0,0.0,1.6276955604553223,4108.792747150191,4608.470546408018,1.0,113.0,19.304363742,12.0,52.337456634083715,50455318528.0,11.619898327604194
2020-10-06 18:26:36.586,43.513115637926056,0.0,0.0,0.0,1.9717693328857422,1281.4666666666667,2322.3555555555554,1.0,116.0,25.916824747,12.0,52.337456634083715,50455318528.0,11.619898327604194
2020-10-06 18:26:51.586,43.513115637926056,0.0,0.0,0.0,1.9717693328857422,1370.7765197855729,1883.978023444625,1.0,117.0,20.312750223,12.0,52.131304570176,50455318528.0,12.008713504080326
2020-10-06 18:27:06.586,41.71887974504912,0.0,0.0,0.0,1.9380450248718262,1040.7156350705634,2258.384264918324,1.0,112.0,15.236609719,12.0,52.131304570176,50455318528.0,12.008713504080326
2020-10-06 18:27:21.586,42.40564699639605,0.0,0.0,0.0,1.810777187347412,1376.1500511133827,1854.9491088492823,1.0,115.0,22.023701585999998,12.0,51.61344771872691,50455318528.0,12.07820828060725
2020-10-06 18:27:36.586,33.38365037897527,0.0,0.0,0.0,1.810777187347412,1233.7985598719888,2257.9340385812075,1.0,113.0,14.228845369,12.0,51.61344771872691,50455318528.0,12.07820828060725
2020-10-06 18:27:51.586,27.43993732656732,0.0,0.0,0.0,1.810777187347412,1356.1911529578967,1839.4697104281402,1.0,108.0,10.189148891,12.0,51.65677036083805,50455318528.0,12.130192370803428
2020-10-06 18:28:06.586,42.66051674326772,0.0,0.0,0.0,2.046358585357666,1059.8262106362647,2271.595884170056,1.0,118.0,24.855642586000002,12.0,51.65677036083805,50455318528.0,12.130192370803428
2020-10-06 18:28:36.586,28.730026774945205,0.0,0.0,0.0,2.046358585357666,1559.9182276737108,1896.140257316179,1.0,233.0,5.237902709,12.0,51.260916876451304,50455318528.0,11.806110719601836
2020-10-06 18:28:51.586,41.71883993021969,0.0,0.0,0.0,2.014040946960449,1483.2662500833908,2346.683270697592,1.0,341.0,5.237902709,12.0,51.260916876451304,50455318528.0,11.806110719601836
2020-10-06 18:29:06.586,43.12994892193476,0.0,0.0,0.0,2.014040946960449,1582.261039624864,1911.238527012912,1.0,454.0,5.386902835,12.0,49.623793933568685,50455318528.0,11.793081210645816
2020-10-06 18:29:21.586,30.194917824005508,0.0,0.0,0.0,2.032613754272461,1088.3431492388042,2283.9871096788534,1.0,470.0,15.384617414000001,12.0,49.623793933568685,50455318528.0,11.793081210645816
2020-10-06 18:29:36.586,42.6641610401571,0.0,0.0,0.0,2.032613754272461,1161.448032178493,1824.173870530456,1.0,349.0,23.363819389,12.0,47.53320286813179,50455318528.0,12.311947939845503
2020-10-06 18:29:51.586,42.6641610401571,0.0,0.0,0.0,1.7974376678466797,1023.2661496411191,2240.9946445634546,1.0,240.0,13.523826161,12.0,47.53320286813179,50455318528.0,12.311947939845503
2020-10-06 18:30:06.586,42.25935154720964,0.0,0.0,0.0,1.7974376678466797,1164.8593395849073,1841.384827341007,1.0,132.0,22.446185221,12.0,50.12276388969366,50455318528.0,11.689125207810008
2020-10-06 18:30:21.586,42.25935154720964,0.0,0.0,0.0,1.9657015800476074,1076.8786384037683,2298.3824378971694,1.0,110.0,14.763315807000001,12.0,50.12276388969366,50455318528.0,11.689125207810008
2020-10-06 18:30:36.586,41.86516298793001,0.0,0.0,0.0,1.8156170845031738,1237.221494102228,1892.9515516360484,1.0,115.0,14.643721510999999,12.0,51.56002925856094,50455318528.0,11.940010240193894
2020-10-06 18:30:51.586,41.86516298793001,0.0,0.0,0.0,1.8156170845031738,1176.358182424175,2362.9818909010114,1.0,118.0,6.315523413,12.0,51.56002925856094,50455318528.0,11.940010240193894
2020-10-06 18:31:06.586,43.215906784823446,0.0,0.0,0.0,1.8156170845031738,3944.6950338851234,4595.8449061215415,1.0,114.0,14.621475632,12.0,51.16111216711483,50455318528.0,12.1319580516212
2020-10-06 18:31:21.586,43.215906784823446,0.0,0.0,0.0,1.959538459777832,3796.9944869286855,5000.333451894007,1.0,116.0,14.590816160000001,12.0,51.16111216711483,50455318528.0,12.1319580516212
2020-10-06 18:31:36.586,29.656630908303338,0.0,0.0,0.0,1.959538459777832,4019.777777777778,4537.0,1.0,118.0,16.700001176999997,12.0,51.453637522172734,50455318528.0,11.98903529194006
2020-10-06 18:31:51.586,32.46501426803711,0.0,0.0,0.0,1.7768025398254395,1198.0440097799512,2267.237163814181,1.0,114.0,25.121762213,12.0,51.453637522172734,50455318528.0,11.98903529194006
2020-10-06 18:32:06.586,43.297094327885624,0.0,0.0,0.0,1.7768025398254395,1319.9200088879013,1843.4396178202421,1.0,114.0,14.887997741,12.0,51.59110621353196,50455318528.0,12.079024147530465
2020-10-06 18:32:21.586,43.297094327885624,0.0,0.0,0.0,1.8544673919677734,1021.3333333333334,2246.8,1.0,116.0,18.904571898999997,12.0,51.59110621353196,50455318528.0,12.079024147530465
2020-10-06 18:32:36.586,32.13236466493376,0.0,0.0,0.0,1.8544673919677734,1170.143749027972,1837.0770290386365,1.0,112.0,24.551939281,12.0,51.47863356286694,50455318528.0,12.002624948375601
2020-10-06 18:32:51.586,43.36546583058226,0.0,0.0,0.0,1.982128620147705,1266.441446447225,2293.4011957415596,1.0,116.0,14.208617364,12.0,51.47863356286694,50455318528.0,12.002624948375601
2020-10-06 18:33:06.586,43.000669920263284,0.0,0.0,0.0,1.982128620147705,1433.746721785127,1905.1651331288617,1.0,115.0,15.520278883000001,12.0,51.461876611635326,50455318528.0,12.304824330049103
2020-10-06 18:33:21.586,43.000669920263284,0.0,0.0,0.0,1.5199780464172363,1300.6933949684417,2343.941683705218,1.0,116.0,19.863227865000002,12.0,51.461876611635326,50455318528.0,12.304824330049103
2020-10-06 18:33:36.586,43.32148335681531,0.0,0.0,0.0,1.5199780464172363,1561.2947658402202,1918.9549453479074,1.0,230.0,6.39627153,12.0,51.66033765491584,50455318528.0,11.82938118040417
2020-10-06 18:33:51.586,43.32148335681531,0.0,0.0,0.0,1.8252372741699219,1388.4308540189782,2300.3622302717836,1.0,334.0,6.39627153,12.0,51.66033765491584,50455318528.0,11.82938118040417
2020-10-06 18:34:06.586,42.829206818071064,0.0,0.0,455.17180068453575,1.8252372741699219,1632.1954038316221,2050.8289994221454,1.0,454.0,5.176637265999999,12.0,48.96157912113232,50455318528.0,12.258100751902317
2020-10-06 18:34:21.586,42.829206818071064,0.0,0.0,455.2325064461635,1.8781065940856934,1323.2639815061796,2709.189117097893,1.0,496.0,7.736444185,12.0,48.96157912113232,50455318528.0,12.258100751902317
2020-10-06 18:34:36.586,43.00891628393826,8.888691362425033e-05,0.0,8373.85835870314,1.8781065940856934,1610.7197617830716,2559.565342992378,1.0,384.0,20.695035377,12.0,47.47652618164992,50455318528.0,12.161487547964967
2020-10-06 18:34:51.586,43.00891628393826,8.888888888899752e-05,0.0,7918.933333333333,1.8344521522521973,1393.5555555555554,2841.0666666666666,1.0,277.0,31.528990272999998,12.0,47.47652618164992,50455318528.0,12.161487547964967
2020-10-06 18:35:06.586,42.573309363668365,8.888691362425033e-05,0.0,13197.928934912557,1.8344521522521973,1351.1255305437658,2163.5963645252327,1.0,163.0,17.793963965,12.0,50.768846683299216,50455318528.0,12.284050176867739
2020-10-06 18:35:21.586,42.431602556188686,0.0,0.0,5279.406209026867,1.896345615386963,1190.3597857730172,2418.809306873486,1.0,115.0,18.719011233,12.0,50.768846683299216,50455318528.0,12.284050176867739
2020-10-06 18:35:36.586,31.873658125119036,0.0,0.0,5552.10879516466,1.896345615386963,1305.4530909737343,1953.246522376783,1.0,116.0,28.652270503,12.0,52.401764379361715,50455318528.0,11.890522457633502
2020-10-06 18:35:51.586,25.868654602181206,0.0,0.0,819.2182048489965,1.8027305603027344,1183.2262939176426,2369.141536478588,1.0,114.0,23.262802368,12.0,52.401764379361715,50455318528.0,11.890522457633502
2020-10-06 18:36:06.586,41.13617874405674,0.0,0.0,819.1817959600899,1.8027305603027344,3871.336192529055,4540.632430390437,1.0,111.0,28.129657460999997,12.0,52.30666380173745,50455318528.0,11.983019798772121
2020-10-06 18:36:36.586,42.97159578017987,0.0,0.0,910.2019955112108,1.9609808921813965,3715.8285371436195,4936.445856758739,1.0,119.0,21.817249479999997,12.0,52.30666380173745,50455318528.0,11.983019798772121
2020-10-06 18:36:51.586,42.971595780179875,0.0,0.0,364.0727078796498,1.9609808921813965,4003.533176303275,4518.665837073907,1.0,114.0,18.068828321,12.0,52.28295554344591,50455318528.0,12.011124572530269
2020-10-06 18:37:06.586,42.84256564814209,0.0,0.0,364.0727078796498,1.4589548110961914,1185.3028754277586,2243.1891915914844,1.0,119.0,21.422618557,12.0,52.28295554344591,50455318528.0,12.011124572530269
2020-10-06 18:37:21.586,42.84256564814209,0.0,0.0,0.0,1.4589548110961914,1336.7333333333333,1846.822222222222,1.0,118.0,9.532914877,12.0,52.08760264440827,50455318528.0,12.20186685008552
2020-10-06 18:37:36.586,42.649965128581826,0.0,0.0,0.0,1.980149745941162,1104.195369094707,2323.2745211323945,1.0,112.0,16.912645473,12.0,52.08760264440827,50455318528.0,12.20186685008552
2020-10-06 18:37:51.586,42.649965128581826,0.0,0.0,0.0,1.980149745941162,1250.6332489001466,1912.1006088077145,1.0,114.0,9.552493163,12.0,52.11272320667438,50455318528.0,11.89596563308753
2020-10-06 18:38:06.586,42.37905101026539,0.0,0.0,0.0,1.3887763023376465,1299.3866939247143,2313.608284076263,1.0,116.0,23.5023594,12.0,52.11272320667438,50455318528.0,11.89596563308753
2020-10-06 18:38:21.586,42.37905101026539,0.0,0.0,0.0,1.3887763023376465,1366.7577838522568,1836.855790386026,1.0,114.0,19.919921687,12.0,51.785759517015805,50455318528.0,11.938975191194217
2020-10-06 18:38:36.586,43.20530475963292,0.0,0.0,0.0,1.778268814086914,1218.4549070144644,2255.893527673473,1.0,113.0,15.731707130999999,12.0,51.785759517015805,50455318528.0,11.938975191194217
2020-10-06 18:38:51.586,43.20530475963292,0.0,0.0,0.0,1.8231987953186035,1527.0303299633374,1871.7920231085436,1.0,225.0,5.111739357,12.0,51.71178271393484,50455318528.0,11.94418699526833
2020-10-06 18:39:06.586,31.074318484350965,0.0,0.0,0.0,1.8231987953186035,1467.1659370208224,2380.3195626569477,1.0,332.0,5.111739357,12.0,51.71178271393484,50455318528.0,11.94418699526833
2020-10-06 18:39:21.586,42.263608955254625,0.00017784101013683902,0.0,4552.729859505602,1.8231987953186035,1617.9530499733237,1973.4127689845277,1.0,446.0,5.111739357,12.0,49.18960112732276,50455318528.0,11.70073000097468
2020-10-06 18:39:36.586,43.09827276533799,0.0001778172927316196,0.0,4825.2500555679035,1.8644094467163086,1170.015559013114,2401.6225827961766,1.0,492.0,10.439305523000002,12.0,49.18960112732276,50455318528.0,11.70073000097468
2020-10-06 18:39:51.586,43.09827276533799,0.00017777777777767923,0.0,5097.244444444444,1.8644094467163086,1290.7777777777776,1943.2666666666667,1.0,381.0,18.629852263,12.0,46.24936286782311,50455318528.0,12.181214474634583
2020-10-06 18:40:06.586,42.40529374641793,0.0,0.0,1183.236300608862,1.8059134483337402,1141.2159459579573,2331.829696457935,1.0,269.0,8.592287667,12.0,46.24936286782311,50455318528.0,12.181214474634583
2020-10-06 18:40:21.586,42.40529374641793,0.0,0.0,909.9391300484293,1.8059134483337402,1219.6427778024615,1877.482560981028,1.0,155.0,19.71195297,12.0,50.142412378692256,50455318528.0,11.857011052689609
2020-10-06 18:40:36.586,42.63767024542513,0.0,0.0,1092.1938537430838,1.5664339065551758,1056.4184609914894,2266.4266826656003,1.0,114.0,18.526792572999998,12.0,50.142412378692256,50455318528.0,11.857011052689609
2020-10-06 18:40:51.586,42.63767024542513,0.0,0.0,455.1313391706298,1.5664339065551758,1211.5649584425976,1871.3276145606471,1.0,115.0,16.097382573,12.0,51.876968515792484,50455318528.0,11.68858942063049
2020-10-06 18:41:06.586,43.66145197075102,0.0,0.0,455.2021515414193,1.952958106994629,1102.198217421262,2300.482318685959,1.0,118.0,19.576682561000002,12.0,51.876968515792484,50455318528.0,11.68858942063049
2020-10-06 18:41:21.586,43.66145197075102,0.0,0.0,0.0,1.952958106994629,3876.3583031488192,4534.277016066309,1.0,117.0,16.688893364,12.0,51.7048420959503,50455318528.0,12.289846487876178
2020-10-06 18:41:36.586,43.31268066823581,0.0,0.0,0.0,1.926720142364502,3761.8582124369595,4971.718024482904,1.0,115.0,17.365246599,12.0,51.7048420959503,50455318528.0,12.289846487876178
2020-10-06 18:41:51.586,43.31268066823581,0.0,0.0,0.0,1.926720142364502,4089.4749705601353,4578.6655409158575,1.0,117.0,18.336938140999997,12.0,51.76828907206901,50455318528.0,11.83968302258368
2020-10-06 18:42:06.586,42.99918208539396,0.0,0.0,0.0,1.9890069961547852,1272.6787975738184,2311.071119109511,1.0,112.0,8.410212874,12.0,51.76828907206901,50455318528.0,11.83968302258368
2020-10-06 18:42:21.586,42.99918208539397,0.0,0.0,0.0,1.9890069961547852,1375.980620930284,1881.2365268795695,1.0,116.0,11.917656293,12.0,51.825623820308174,50455318528.0,11.99354082837515
2020-10-06 18:42:36.586,43.579153851297086,0.0,0.0,0.0,1.756441593170166,1014.3809735496777,2249.0553456323623,1.0,116.0,11.901513289,12.0,51.825623820308174,50455318528.0,11.99354082837515
2020-10-06 18:42:51.586,43.62746352747017,0.0,0.0,0.0,1.756441593170166,1161.050853485064,1831.147759601707,1.0,116.0,23.113239624000002,12.0,51.663331944465355,50455318528.0,12.042090973547708
2020-10-06 18:43:06.586,21.521157463750264,0.0,0.0,0.0,1.9887924194335938,1232.0666666666666,2230.733333333333,1.0,117.0,13.592322801,12.0,51.663331944465355,50455318528.0,12.042090973547708
2020-10-06 18:43:21.586,42.957799936550956,0.0,0.0,0.0,1.9887924194335938,1384.052978955088,1837.1297139936444,1.0,117.0,7.305293198999999,12.0,52.06898031400722,50455318528.0,12.162181648667397
2020-10-06 18:43:36.586,42.607857295359906,0.0,0.0,0.0,1.8658161163330078,1240.3784227941992,2259.6326811610293,1.0,118.0,12.809352027000001,12.0,52.06898031400722,50455318528.0,12.162181648667397
2020-10-06 18:44:06.586,43.15026153607219,0.0,0.0,0.0,1.8658161163330078,1515.9777777777776,1869.0444444444443,1.0,229.0,13.286402016,12.0,51.60086914428652,50455318528.0,12.085380605573581
2020-10-06 18:44:36.586,28.630267756063322,0.0,0.0,0.0,1.839303970336914,1454.6989933109624,2351.5855907909063,1.0,346.0,13.286402016,12.0,51.60086914428652,50455318528.0,12.085380605573581
2020-10-06 18:44:51.586,31.298905698789774,0.0,0.0,0.0,1.839303970336914,1604.5011786683272,1938.909398211982,1.0,465.0,13.286402016,12.0,48.99709347887553,50455318528.0,11.874217311373009
2020-10-06 18:45:06.586,42.32234063994303,0.0,0.0,0.0,2.2022128105163574,1099.9955547652914,2306.076635846373,1.0,505.0,10.603441165,12.0,48.99709347887553,50455318528.0,11.874217311373009
2020-10-06 18:45:21.586,42.32234063994303,0.0,0.0,0.0,2.2022128105163574,1178.473024620034,1832.5482179361836,1.0,393.0,14.346235393999999,12.0,47.47448907714559,50455318528.0,11.947888837312954
2020-10-06 18:45:36.586,42.949698291268525,0.0,0.0,0.0,2.026963233947754,1002.1106420795379,2215.529882248389,1.0,279.0,20.078388900999997,12.0,47.47448907714559,50455318528.0,11.947888837312954
2020-10-06 18:45:51.586,42.949698291268525,0.0,0.0,455.1009977556054,2.026963233947754,1204.8398924468347,1862.8474922779496,1.0,162.0,26.368899905,12.0,50.51910226463774,50455318528.0,11.95201687840372
2020-10-06 18:46:06.586,30.35387257639151,8.889679082595984e-05,0.0,2912.9700417814915,1.8067717552185059,1062.9389279047025,2278.980353809228,1.0,124.0,5.345122946,12.0,50.51910226463774,50455318528.0,11.95201687840372
2020-10-06 18:46:21.586,43.645330583385025,8.888691362425031e-05,0.0,8646.918957356502,1.8067717552185059,1251.8610697540055,1914.8463367480722,1.0,120.0,20.966787558,12.0,52.1024497956257,50455318528.0,12.098361406791568
2020-10-06 18:46:36.586,43.42165518423279,8.885729518404319e-05,0.0,8189.088324151412,1.9273996353149414,1150.3687577750131,2362.515550026657,1.0,120.0,7.5971311429999995,12.0,52.1024497956257,50455318528.0,12.098361406791568
2020-10-06 18:46:51.586,43.42165518423279,0.0,0.0,6006.799244528385,1.733231544494629,3976.891456504832,4629.641150983223,1.0,121.0,14.963861549999999,12.0,52.2366829778725,50455318528.0,12.190566496581978
2020-10-06 18:47:06.586,43.442829967488414,0.0,0.0,273.06666666666666,1.733231544494629,3777.9555555555553,4985.555555555556,1.0,117.0,6.083890299,12.0,52.2366829778725,50455318528.0,12.190566496581978
2020-10-06 18:47:21.586,43.442829967488414,0.0,0.0,364.22648556121203,1.893305778503418,4021.4525487406354,4534.290732054332,1.0,118.0,11.041243204,12.0,52.16887650455647,50455318528.0,11.939596224205584
2020-10-06 18:47:36.586,30.790949151908187,0.0,0.0,91.01615447859032,1.893305778503418,1145.3236450903273,2217.2521831877875,1.0,118.0,16.272298661,12.0,52.16887650455647,50455318528.0,11.939596224205584
2020-10-06 18:47:51.586,43.28675240137515,0.0,0.0,91.03031380567161,1.893305778503418,1359.3208285180906,1892.1681927282427,1.0,112.0,8.172581701,12.0,51.60935277443108,50455318528.0,11.840450180985929
2020-10-06 18:48:06.586,42.790020000771776,0.0,0.0,0.0,1.9625186920166016,991.8693768743752,2236.5878040653115,1.0,119.0,11.790471694,12.0,51.60935277443108,50455318528.0,11.840450180985929
2020-10-06 18:48:21.586,42.790020000771776,0.0,0.0,0.0,1.9625186920166016,1186.8971954309081,1875.0388906173607,1.0,120.0,5.899623242,12.0,51.98879412664197,50455318528.0,11.698830371563373
2020-10-06 18:48:36.586,43.574215306602404,0.0,0.0,0.0,1.9249796867370605,1184.543252672044,2219.8742306068484,1.0,121.0,10.012356014000002,12.0,51.98879412664197,50455318528.0,11.698830371563373
